-- MariaDB dump 10.19  Distrib 10.4.22-MariaDB, for Win64 (AMD64)
--
-- Host: localhost    Database: PrintersDB
-- ------------------------------------------------------
-- Server version	10.4.22-MariaDB

/*!40101 SET @OLD_CHARACTER_SET_CLIENT=@@CHARACTER_SET_CLIENT */;
/*!40101 SET @OLD_CHARACTER_SET_RESULTS=@@CHARACTER_SET_RESULTS */;
/*!40101 SET @OLD_COLLATION_CONNECTION=@@COLLATION_CONNECTION */;
/*!40101 SET NAMES utf8mb4 */;
/*!40103 SET @OLD_TIME_ZONE=@@TIME_ZONE */;
/*!40103 SET TIME_ZONE='+00:00' */;
/*!40014 SET @OLD_UNIQUE_CHECKS=@@UNIQUE_CHECKS, UNIQUE_CHECKS=0 */;
/*!40014 SET @OLD_FOREIGN_KEY_CHECKS=@@FOREIGN_KEY_CHECKS, FOREIGN_KEY_CHECKS=0 */;
/*!40101 SET @OLD_SQL_MODE=@@SQL_MODE, SQL_MODE='NO_AUTO_VALUE_ON_ZERO' */;
/*!40111 SET @OLD_SQL_NOTES=@@SQL_NOTES, SQL_NOTES=0 */;

--
-- Current Database: `PrintersDB`
--

CREATE DATABASE /*!32312 IF NOT EXISTS*/ `printersdb` /*!40100 DEFAULT CHARACTER SET utf8mb4 COLLATE utf8mb4_polish_ci */;

USE `PrintersDB`;

--
-- Table structure for table `dostawca`
--

DROP TABLE IF EXISTS `dostawca`;
/*!40101 SET @saved_cs_client     = @@character_set_client */;
/*!40101 SET character_set_client = utf8 */;
CREATE TABLE `dostawca` (
  `IDDostawcy` int(11) NOT NULL AUTO_INCREMENT,
  `Nazwa` varchar(100) DEFAULT NULL,
  `Mail` varchar(100) DEFAULT NULL,
  PRIMARY KEY (`IDDostawcy`)
) ENGINE=InnoDB AUTO_INCREMENT=6 DEFAULT CHARSET=utf8mb4;
/*!40101 SET character_set_client = @saved_cs_client */;

--
-- Dumping data for table `dostawca`
--

LOCK TABLES `dostawca` WRITE;
/*!40000 ALTER TABLE `dostawca` DISABLE KEYS */;
INSERT INTO `dostawca` VALUES (1,'EKKO','serwis@ekko.net.pl'),(2,'Drab Technika Biurowa','biuro@drab.com.pl\r\n'),(3,'CopySystem','serwis@copysystem.pl\r\n'),(4,'Nasze',NULL),(5,'Arcus','serwis.poznan@arcus.pl\r\n');
/*!40000 ALTER TABLE `dostawca` ENABLE KEYS */;
UNLOCK TABLES;

--
-- Temporary table structure for view `drukarki_modele_numeryseryjne`
--

DROP TABLE IF EXISTS `drukarki_modele_numeryseryjne`;
/*!50001 DROP VIEW IF EXISTS `drukarki_modele_numeryseryjne`*/;
SET @saved_cs_client     = @@character_set_client;
SET character_set_client = utf8;
/*!50001 CREATE TABLE `drukarki_modele_numeryseryjne` (
  `IDdrukarki` tinyint NOT NULL,
  `Producent` tinyint NOT NULL,
  `Model` tinyint NOT NULL,
  `NumerSeryjny` tinyint NOT NULL,
  `AdresIP` tinyint NOT NULL
) ENGINE=MyISAM */;
SET character_set_client = @saved_cs_client;

--
-- Table structure for table `drukarkiinwentaryzacja`
--

DROP TABLE IF EXISTS `drukarkiinwentaryzacja`;
/*!40101 SET @saved_cs_client     = @@character_set_client */;
/*!40101 SET character_set_client = utf8 */;
CREATE TABLE `drukarkiinwentaryzacja` (
  `IDdrukarki` int(11) NOT NULL AUTO_INCREMENT,
  `IDDostawcy` int(11) DEFAULT NULL,
  `IDModeluDrukarki` int(11) NOT NULL,
  `IDLokalizacji` int(11) NOT NULL,
  `NumerSeryjny` varchar(50) DEFAULT NULL,
  `AdresIP` varchar(50) DEFAULT NULL,
  `Lokalizacja` varchar(100) DEFAULT NULL,
  PRIMARY KEY (`IDdrukarki`),
  KEY `IDDostawcy` (`IDDostawcy`),
  KEY `DrukarkiCentrala_ibfk_2` (`IDModeluDrukarki`),
  KEY `DrukarkiCentrala_ibfk_4` (`IDLokalizacji`),
  CONSTRAINT `DrukarkiInwentaryzacja_ibfk_1` FOREIGN KEY (`IDDostawcy`) REFERENCES `dostawca` (`IDDostawcy`),
  CONSTRAINT `DrukarkiInwentaryzacja_ibfk_2` FOREIGN KEY (`IDModeluDrukarki`) REFERENCES `drukarkimodele` (`IDdrukarki`),
  CONSTRAINT `DrukarkiInwentaryzacja_ibfk_4` FOREIGN KEY (`IDLokalizacji`) REFERENCES `lokalizacja` (`IDLokalizacji`)
) ENGINE=InnoDB AUTO_INCREMENT=190 DEFAULT CHARSET=utf8mb4;
/*!40101 SET character_set_client = @saved_cs_client */;

--
-- Dumping data for table `drukarkiinwentaryzacja`
--

LOCK TABLES `drukarkiinwentaryzacja` WRITE;
/*!40000 ALTER TABLE `drukarkiinwentaryzacja` DISABLE KEYS */;
INSERT INTO `drukarkiinwentaryzacja` VALUES (11,1,1,1,'790H9DW','10.0.24.85','Dział DWS - GADZIKOWSKI'),(12,1,1,1,'70157GHH1DHPG ','10.0.24.44','BIURO MONITORINGU'),(13,1,9,1,'70165PHH06NMG ','10.0.24.46','Dział Reklamacji - Michał Łysiak'),(14,1,10,1,'79G70GL','10.0.24.38','KANCELARIA (wcześniej CDZ - Magazyn 3)'),(15,1,1,1,'701531HH02LZ2 ','192.168.249.67','ECOMMERCE'),(16,1,9,1,'70165PHH07LDR','10.0.24.49','Logistyka- Marta Galla'),(17,1,9,1,'701656HH05YB8','10.0.24.76','Księgowość- Katarzyna Płaczek '),(18,1,9,1,'701645HH04ND9 ','10.0.24.50','DOK Daniel Szmyt'),(19,1,9,1,'701631HH01353','10.0.24.26','Dział Kadr'),(20,1,9,1,'70165PHH06M17 ','10.0.24.100','Dział Kadr'),(21,1,9,1,'70165PHH6GCR','10.0.24.13','Helpdesk - Jacek Kurnikowski '),(22,1,1,1,'70157GHH1PNP7 ','10.0.24.47','Logistyka Tomasz Pacholec'),(23,1,9,1,'701631HH00Y85','10.0.24.34','Logistyka Grażyna  Jędrak '),(24,1,9,1,'701631HH00RY0','BRAK','CDZ - Magazyn 5 - Krzysztof Żbikowski'),(25,1,9,1,'701645HH04W0Y',' nie wpięta do sieci ','studio foto łódź'),(26,1,9,1,'70165PHH06KBW','10.0.24.45','Reklamacje 1 piętro  Michał Łysiak '),(27,1,11,1,'451443HH171D9 ','10.0.24.12','Dział Kadr'),(28,1,1,1,'701533HH08KHT ','10.0.24.53','Dział Kadr'),(29,1,1,1,'70156PHH11VML ','10.0.24.52','Dział Kadr'),(30,1,1,1,'70155PHH114ZR','10.0.24.27','Logistyka Marek Czyż'),(31,1,1,1,'70155PHH0Z9GF','10.0.24.28','Logistyka Dystrybucja eccomerce Marta Oświęcimska '),(32,1,1,1,'701531HH02LWG','10.0.24.54','Tomasz Gałecki Ecommerce zeszpół projektów'),(33,1,1,1,'70157GHH1DHNG ','10.0.24.15','dział Administracji '),(34,1,1,1,'701544HH0D71T ','10.0.24.39','PH ZESPÓŁ DS. ROZL.Z PARTNER.BIZNESOWYMI (MARIOLA AGATA JAKÓBCZYK)'),(35,1,1,1,'701543HH0BVL7','10.0.24.40','Dział Kadr '),(36,1,1,1,'70155PHH11H5F','10.0.24.64','ECOMMERCE Paulina Pietrykowska'),(37,1,9,1,'701645HH04NFB ','192.168.249.250','DRS Jacek Pióro '),(38,1,1,1,'70156PHH15BG8 ','10.0.24.75','Księgowość'),(39,1,11,1,'45145PHH2RWT7','10.0.24.97',' Contact Center PAULINA MAŁGORZATA PIETRYKOWSKA'),(40,1,1,1,'70157GHH1HR26 ','10.0.24.22','Dział Kadr'),(41,1,1,1,'70155PHH1045M','10.0.24.61','DZIAŁ ROZWOJU I REMONTÓW MARIUSZ JANKOWSKI'),(42,1,1,1,'70156PHH1BG9R ','10.0.24.73','księgowość '),(43,1,1,1,'70157GHH1DNMH ','10.0.24.74','księgowośc '),(44,1,1,1,'70157GHH1DTH9 ','10.0.24.1','dział ekspansji '),(45,1,1,1,'70157GHH1LPDK','10.0.24.82','Pion Sprzedaży'),(46,1,1,1,'70155PHH1017W','10.0.24.62','C050'),(47,1,1,1,'70156PHH1B7VT','10.0.24.63','c014'),(48,1,1,1,'701545HH0LW13','10.0.24.81','Dział Handlowy - 2. piętro - Biuro 159'),(49,1,1,1,'70157GHH1HR2G','10.0.24.42','C045'),(50,1,1,1,'701656HH05YB8','10.0.24.76','BHP'),(51,1,1,1,'70156PHH19XKP','10.0.24.66','Dział Projektów Dawid Florkiewicz '),(52,1,1,1,'701544HH0GYB4','10.0.24.99','Dział Kadr'),(53,1,1,1,'70155PHH1018G ','10.0.24.68','Dział Handlowy – 2. piętro – Na końcu '),(54,1,1,1,'70156PHH11XWB ','10.0.24.41','Biuro 33  - Dział Controllingu - Sławomir Heciak'),(55,1,12,1,'E75413E2N859505 ','10.0.24.86','Dział Kadr'),(56,1,12,1,'E75413H2N971747','10.0.24.87','E-Commerce przed Contact Center'),(57,1,9,1,'701645HH04VBR','10.0.24.70','Dział Marketingu'),(58,1,1,1,'701544HH0CP16 ','10.0.24.101','DRL Michał Feldmann'),(59,1,11,1,'45145PHH2VKLM ','10.0.24.55','Logistyka NPOS'),(60,4,13,1,'V1S6958565 ','10.0.24.10','Admins'),(61,4,14,1,'VX28101111 ','10.0.24.11','Biuro Projektów'),(62,4,13,1,'V1S6121389 ','10.0.24.18','Kadry'),(63,4,14,1,'VWX9704615 ','10.0.24.19','Kadry'),(64,4,1,1,'VM47848488 ','10.0.24.23','Kadry'),(65,4,14,1,'VX28101110 ','10.0.24.30','E-Commerce Sprzedaż'),(66,4,14,1,'VX27Z00980 ','10.0.24.31','E-Commerce Sprzedaż'),(67,4,14,1,'VX28101115 ','10.0.24.35','Logistyka'),(68,4,16,1,'LCA3Z01587 ','10.0.24.4','Admins IT'),(69,4,14,1,'VX28301385 ','10.0.24.65','Logistyka'),(70,2,17,1,'A5C4021182193','10.0.24.102','Logistyka – Biuro 6'),(71,2,18,1,'A0ED022022262 ','10.0.24.3','Dział Transportu'),(72,2,19,1,'A798021101816 ','10.0.24.72','Personalny - Grzegorz Tylus '),(73,2,19,1,'A798021005884 ','10.0.24.80','Handlowka - Maciej Grzebita '),(74,2,20,1,'A92F021032522 ','10.0.24.95','EC - M. Nawrocki '),(75,2,21,1,'A0ED023082544','10.0.24.94','Reklama - Monika Lech'),(76,3,22,1,'2FW19872','10.0.24.91','Zarząd'),(77,3,22,1,'2FW19568','10.0.24.71','Nieruchomości '),(78,5,23,1,'R4Q0Y53676','192.168.249.193','Kancelaria'),(79,4,24,1,'ZBR6533037','10.0.240.56','Kancelaria / Recepcja'),(80,4,24,1,'ZBR5620867','10.0.240.68','Kancelaria / Recepcja'),(81,4,24,1,'ZBR7334515','10.0.241.175','Kancelaria / Recepcja'),(82,4,25,1,'DEV67886D','10.0.241.235',''),(83,4,26,1,'NPI1525F4   ','10.0.242.244','Dział Prawny'),(84,4,27,1,'CNDRQ2H2RK','10.0.24.77','Księgowość'),(85,4,27,1,'CNDRQ1X458','10.0.24.83','DAW - Krzysztof Lech'),(86,4,27,1,'CNDRQ2H5N5','10.0.24.98','DWK - Radosław Żelazny'),(87,4,27,1,'CNDRQ2H2J7 ','10.0.24.103','Logistyka – Grażyna Jędrak'),(88,1,28,1,'0','0','0'),(89,1,28,744,'0','0','0'),(90,1,28,744,'0','0','0'),(91,1,28,1047,'0','0',''),(92,1,28,594,'0','0',''),(93,1,28,990,'0','0',''),(94,1,28,1039,'0','0',''),(95,1,28,1040,'0','0',''),(96,1,28,1053,'0','0',''),(97,1,28,1048,'0','0',''),(98,1,28,984,'0','0',''),(99,1,28,953,'0','0',''),(100,1,28,1058,'0','0',''),(101,1,28,670,'0','0',''),(102,1,28,850,'0','0',''),(103,1,28,1021,'0','0',''),(104,1,28,992,'0','0',''),(105,1,28,927,'0','0',''),(106,1,28,1049,'0','0',''),(107,1,28,1059,'0','0',''),(108,1,28,1148,'0','0',''),(109,1,28,1041,'0','0',''),(110,1,28,833,'0','0',''),(111,1,28,1051,'0','0',''),(112,1,28,686,'0','0',''),(113,1,28,1067,'0','0',''),(114,1,28,1062,'0','0',''),(115,1,28,1069,'0','0',''),(116,1,28,1085,'0','0',''),(117,1,28,1064,'0','0',''),(118,1,28,1065,'0','0',''),(119,1,28,1063,'0','0',''),(120,1,28,1063,'0','0',''),(121,1,28,854,'0','0',''),(122,1,28,1155,'0','0',''),(123,1,28,660,'0','0',''),(124,1,28,1052,'0','0',''),(125,1,28,1078,'0','0',''),(126,1,28,1050,'0','0',''),(127,1,28,1077,'0','0',''),(128,1,28,1073,'0','0',''),(129,1,28,1076,'0','0',''),(130,1,28,720,'0','0',''),(131,1,28,988,'0','0',''),(132,1,28,1070,'0','0',''),(133,1,28,1068,'0','0',''),(134,1,28,949,'0','0',''),(135,1,28,1074,'0','0',''),(136,1,28,1061,'0','0',''),(137,1,28,1089,'0','0',''),(138,1,28,1086,'0','0',''),(139,1,28,1006,'0','0',''),(140,1,28,1084,'0','0',''),(141,1,28,735,'0','0',''),(142,1,28,918,'0','0',''),(143,1,28,1088,'0','0',''),(144,1,28,876,'0','0',''),(145,1,28,858,'0','0',''),(146,1,28,1093,'0','0',''),(147,1,28,888,'0','0',''),(148,1,28,1083,'0','0',''),(149,1,28,1087,'0','0',''),(150,1,28,1055,'0','0',''),(151,1,28,1092,'0','0',''),(152,1,28,1054,'0','0',''),(153,1,28,1045,'0','0',''),(154,1,28,1060,'0','0',''),(155,1,28,781,'0','0',''),(156,1,28,912,'0','0',''),(157,1,28,878,'0','0',''),(158,1,28,738,'0','0',''),(159,1,28,768,'0','0',''),(160,1,28,592,'0','0',''),(161,1,28,999,'0','0',''),(162,1,28,692,'0','0',''),(163,1,28,1071,'0','0',''),(164,1,28,1034,'0','0',''),(165,1,28,734,'0','0',''),(166,1,28,779,'0','0',''),(167,1,28,1066,'0','0',''),(168,1,28,1147,'0','0',''),(169,1,28,949,'0','0',''),(170,1,28,1050,'0','0',''),(171,1,28,907,'0','0',''),(172,1,28,1103,'0','0',''),(173,1,28,1090,'0','0',''),(174,1,28,1043,'0','0',''),(175,1,28,836,'0','0',''),(176,1,28,588,'0','0',''),(177,1,28,906,'0','0',''),(178,1,28,716,'0','0',''),(179,1,28,1127,'0','0',''),(180,1,28,1126,'0','0',''),(181,1,28,1145,'0','0',''),(182,1,28,1168,'0','0',''),(183,1,28,1123,'0','0',''),(184,1,28,843,'0','0',''),(185,1,28,741,'0','0',''),(186,1,28,1143,'0','0',''),(187,1,28,933,'0','0',''),(188,1,28,1140,'0','0',''),(189,1,28,1106,'0','0','');
/*!40000 ALTER TABLE `drukarkiinwentaryzacja` ENABLE KEYS */;
UNLOCK TABLES;

--
-- Table structure for table `drukarkimodele`
--

DROP TABLE IF EXISTS `drukarkimodele`;
/*!40101 SET @saved_cs_client     = @@character_set_client */;
/*!40101 SET character_set_client = utf8 */;
CREATE TABLE `drukarkimodele` (
  `IDdrukarki` int(11) NOT NULL AUTO_INCREMENT,
  `Producent` varchar(100) DEFAULT NULL,
  `Model` varchar(100) DEFAULT NULL,
  PRIMARY KEY (`IDdrukarki`)
) ENGINE=InnoDB AUTO_INCREMENT=29 DEFAULT CHARSET=utf8mb4;
/*!40101 SET character_set_client = @saved_cs_client */;

--
-- Dumping data for table `drukarkimodele`
--

LOCK TABLES `drukarkimodele` WRITE;
/*!40000 ALTER TABLE `drukarkimodele` DISABLE KEYS */;
INSERT INTO `drukarkimodele` VALUES (1,'Lexmark','MX511de'),(2,'Brother','HL-2080DW'),(5,'Brother','MFC-7715DW'),(7,'Brother','HL-2372DN'),(8,'Brother','DCP-L2552DN'),(9,'Lexmark','MX611DE'),(10,'Lexmark','656DE'),(11,'Lexmark','MS610dn  '),(12,'Brother','MFC-L6900DW'),(13,'Kyocera','FS-4200DN'),(14,'Olivetti','d-COPIA 4023MF '),(15,'Kyocera','ECOSYS P3045dn '),(16,'Kyocera','TASKalfa 3010i '),(17,'Konica Minolta','bizhub C224e'),(18,'Konica Minolta','bizhub C280 '),(19,'Konica Minolta','bizhub C227'),(20,'Konica Minolta','bizhub C3351 '),(21,'Konica Minolta','bizhub C220'),(22,'Canon ','ir-ADV C3520'),(23,'Kyocera ','ECOSYS M3655idn'),(24,'Zebra Technologies','ZTC GX420t'),(25,'HP ','LaserJet MFP M127fs    '),(26,'HP','LaserJet M402n'),(27,'HP','LaserJet Pro M428DW'),(28,'PLACEHOLDER','PLACEHOLDER');
/*!40000 ALTER TABLE `drukarkimodele` ENABLE KEYS */;
UNLOCK TABLES;

--
-- Table structure for table `dzierzawa`
--

DROP TABLE IF EXISTS `dzierzawa`;
/*!40101 SET @saved_cs_client     = @@character_set_client */;
/*!40101 SET character_set_client = utf8 */;
CREATE TABLE `dzierzawa` (
  `IDDzierzawy` int(11) NOT NULL AUTO_INCREMENT,
  `IDDrukarki` int(11) DEFAULT NULL,
  `IDDostawcy` int(11) DEFAULT NULL,
  `KwotaJedNetto` decimal(10,2) DEFAULT NULL,
  `Ilosc` int(11) DEFAULT NULL,
  `StanNaDzisiaj` int(11) DEFAULT NULL,
  `KwotaDzierzawy` decimal(10,2) DEFAULT NULL,
  `Suma` decimal(10,2) DEFAULT NULL,
  `Data` date DEFAULT NULL,
  `IDFaktury` int(11) DEFAULT NULL,
  PRIMARY KEY (`IDDzierzawy`),
  KEY `IDDostawcy` (`IDDostawcy`),
  KEY `Dzierzawa_ibfk_1` (`IDDrukarki`),
  KEY `fk_faktura_id` (`IDFaktury`),
  CONSTRAINT `Dzierzawa_ibfk_1` FOREIGN KEY (`IDDrukarki`) REFERENCES `drukarkiinwentaryzacja` (`IDdrukarki`),
  CONSTRAINT `Dzierzawa_ibfk_2` FOREIGN KEY (`IDDostawcy`) REFERENCES `dostawca` (`IDDostawcy`),
  CONSTRAINT `fk_faktura_id` FOREIGN KEY (`IDFaktury`) REFERENCES `faktura` (`id`)
) ENGINE=InnoDB AUTO_INCREMENT=722 DEFAULT CHARSET=utf8mb4;
/*!40101 SET character_set_client = @saved_cs_client */;

--
-- Dumping data for table `dzierzawa`
--

LOCK TABLES `dzierzawa` WRITE;
/*!40000 ALTER TABLE `dzierzawa` DISABLE KEYS */;
INSERT INTO `dzierzawa` VALUES (11,88,1,0.03,726,0,0.00,18.15,'2024-01-01',7),(12,88,1,0.04,75855,0,0.00,3.00,'2024-01-01',7),(13,88,1,2.18,59,0,0.00,128.62,'2024-01-01',7),(14,88,1,30.00,55,0,0.00,1650.00,'2024-01-01',7),(15,88,1,58.02,2,0,0.00,116.04,'2024-01-01',7),(16,88,1,0.03,5260,0,0.00,0.17,'2024-01-01',7),(17,89,1,0.04,46331,0,0.00,1760.58,'2024-01-01',8),(18,90,1,0.01,2,0,0.00,0.02,'2024-01-01',8),(19,90,1,15.00,1,0,0.00,15.00,'2024-01-01',8),(20,91,1,15.52,7,0,0.00,108.64,'2024-01-01',8),(21,91,1,20.03,1,0,0.00,20.03,'2024-01-01',8),(22,92,1,15.80,7,0,0.00,110.60,'2024-01-01',8),(23,92,1,20.38,1,0,0.00,20.38,'2024-01-01',8),(24,93,1,15.49,7,0,0.00,108.43,'2024-01-01',8),(25,93,1,19.98,1,0,0.00,19.98,'2024-01-01',8),(26,94,1,15.80,7,0,0.00,110.60,'2024-01-01',8),(27,94,1,20.38,1,0,0.00,20.38,'2024-01-01',8),(28,95,1,15.80,8,0,0.00,126.40,'2024-01-01',8),(29,95,1,20.38,1,0,0.00,20.38,'2024-01-01',8),(30,96,1,18.54,7,0,0.00,129.78,'2024-01-01',8),(31,96,1,20.43,1,0,0.00,20.43,'2024-01-01',8),(32,97,1,15.70,3,0,0.00,47.10,'2024-01-01',8),(33,97,1,20.25,1,0,0.00,20.25,'2024-01-01',8),(34,98,1,15.73,3,0,0.00,47.19,'2024-01-01',8),(35,98,1,20.29,1,0,0.00,20.29,'2024-01-01',8),(36,99,1,15.63,7,0,0.00,109.41,'2024-01-01',8),(37,99,1,20.16,1,0,0.00,20.16,'2024-01-01',8),(38,100,1,15.63,9,0,0.00,140.67,'2024-01-01',8),(39,100,1,20.16,1,0,0.00,20.16,'2024-01-01',8),(40,101,1,15.63,14,0,0.00,218.82,'2024-01-01',8),(41,101,1,20.16,2,0,0.00,40.32,'2024-01-01',8),(42,102,1,15.63,12,0,0.00,187.56,'2024-01-01',8),(43,102,1,20.16,2,0,0.00,40.32,'2024-01-01',8),(44,103,1,0.05,11004,0,0.00,550.20,'2024-01-01',8),(45,103,1,2.18,8,0,0.00,17.44,'2024-01-01',8),(46,104,1,15.46,7,0,0.00,108.22,'2024-01-01',8),(47,104,1,19.94,1,0,0.00,19.94,'2024-01-01',8),(48,105,1,15.42,5,0,0.00,77.10,'2024-01-01',8),(49,105,1,19.89,1,0,0.00,19.89,'2024-01-01',8),(50,106,1,15.46,7,0,0.00,108.22,'2024-01-01',8),(51,106,1,19.94,1,0,0.00,19.94,'2024-01-01',8),(52,107,1,15.66,9,0,0.00,140.94,'2024-01-01',8),(53,107,1,15.00,1,0,0.00,15.00,'2024-01-01',8),(54,107,1,0.04,3,0,0.00,0.11,'2024-01-01',8),(55,107,1,2.18,1,0,0.00,2.18,'2024-01-01',8),(56,108,1,0.04,3,0,0.00,0.11,'2024-01-01',8),(57,108,1,15.00,1,0,0.00,15.00,'2024-01-01',8),(58,108,1,2.18,1,0,0.00,2.18,'2024-01-01',8),(59,109,1,15.66,7,0,0.00,109.62,'2024-01-01',8),(60,109,1,15.00,1,0,0.00,15.00,'2024-01-01',8),(61,109,1,0.04,2,0,0.00,0.08,'2024-01-01',8),(62,109,1,2.18,1,0,0.00,2.18,'2024-01-01',8),(63,110,1,15.66,8,0,0.00,125.28,'2024-01-01',8),(64,110,1,15.00,1,0,0.00,15.00,'2024-01-01',8),(65,110,1,0.04,2,0,0.00,0.08,'2024-01-01',8),(66,110,1,2.18,1,0,0.00,2.18,'2024-01-01',8),(67,111,1,15.80,4,0,0.00,63.20,'2024-01-01',8),(68,111,1,15.00,1,0,0.00,15.00,'2024-01-01',8),(69,111,1,0.04,2143,0,0.00,81.43,'2024-01-01',8),(70,111,1,2.18,1,0,0.00,2.18,'2024-01-01',8),(71,112,1,0.04,1,0,0.00,0.04,'2024-01-01',8),(72,112,1,15.00,1,0,0.00,15.00,'2024-01-01',8),(73,112,1,2.18,1,0,0.00,2.18,'2024-01-01',8),(74,113,1,15.59,11,0,0.00,171.49,'2024-01-01',8),(75,113,1,15.00,1,0,0.00,15.00,'2024-01-01',8),(76,113,1,0.04,54,0,0.00,2.05,'2024-01-01',8),(77,113,1,2.18,1,0,0.00,2.18,'2024-01-01',8),(78,114,1,15.56,11,0,0.00,171.16,'2024-01-01',8),(79,114,1,15.00,1,0,0.00,15.00,'2024-01-01',8),(80,114,1,0.04,2825,0,0.00,107.35,'2024-01-01',8),(81,114,1,2.18,1,0,0.00,2.18,'2024-01-01',8),(82,115,1,15.66,12,0,0.00,187.92,'2024-01-01',8),(83,115,1,15.00,1,0,0.00,15.00,'2024-01-01',8),(84,115,1,0.04,1,0,0.00,0.04,'2024-01-01',8),(85,115,1,2.18,1,0,0.00,2.18,'2024-01-01',8),(86,116,1,15.66,5,0,0.00,78.30,'2024-01-01',8),(87,116,1,15.00,1,0,0.00,15.00,'2024-01-01',8),(88,116,1,0.04,2,0,0.00,0.08,'2024-01-01',8),(89,116,1,2.18,1,0,0.00,2.18,'2024-01-01',8),(90,117,1,15.66,11,0,0.00,172.26,'2024-01-01',8),(91,117,1,15.00,1,0,0.00,15.00,'2024-01-01',8),(92,117,1,0.04,1,0,0.00,0.04,'2024-01-01',8),(93,117,1,2.18,1,0,0.00,2.18,'2024-01-01',8),(94,118,1,15.66,12,0,0.00,187.92,'2024-01-01',8),(95,118,1,15.00,1,0,0.00,15.00,'2024-01-01',8),(96,118,1,0.04,744,0,0.00,28.27,'2024-01-01',8),(97,118,1,2.18,1,0,0.00,2.18,'2024-01-01',8),(98,120,1,15.66,11,0,0.00,172.26,'2024-01-01',8),(99,120,1,10.00,1,0,0.00,10.00,'2024-01-01',8),(100,120,1,15.00,1,0,0.00,15.00,'2024-01-01',8),(101,120,1,0.04,1,0,0.00,0.04,'2024-01-01',8),(102,120,1,2.18,2,0,0.00,4.36,'2024-01-01',8),(103,121,1,15.94,11,0,0.00,175.34,'2024-01-01',8),(104,121,1,15.00,1,0,0.00,15.00,'2024-01-01',8),(105,121,1,0.04,1,0,0.00,0.04,'2024-01-01',8),(106,121,1,2.18,1,0,0.00,2.18,'2024-01-01',8),(107,122,1,15.94,7,0,0.00,111.58,'2024-01-01',8),(108,122,1,15.00,1,0,0.00,15.00,'2024-01-01',8),(109,122,1,0.04,737,0,0.00,28.01,'2024-01-01',8),(110,122,1,2.18,1,0,0.00,2.18,'2024-01-01',8),(111,123,1,15.94,7,0,0.00,111.58,'2024-01-01',8),(112,123,1,15.00,1,0,0.00,15.00,'2024-01-01',8),(113,123,1,0.04,3,0,0.00,0.11,'2024-01-01',8),(114,123,1,2.18,1,0,0.00,2.18,'2024-01-01',8),(115,124,1,15.99,10,0,0.00,159.90,'2024-01-01',8),(116,124,1,15.00,1,0,0.00,15.00,'2024-01-01',8),(117,124,1,0.04,2,0,0.00,0.08,'2024-01-01',8),(118,124,1,2.18,1,0,0.00,2.18,'2024-01-01',8),(119,125,1,15.99,8,0,0.00,127.92,'2024-01-01',8),(120,125,1,15.00,1,0,0.00,15.00,'2024-01-01',8),(121,125,1,0.04,1,0,0.00,0.04,'2024-01-01',8),(122,125,1,2.18,1,0,0.00,2.18,'2024-01-01',8),(123,126,1,15.99,11,0,0.00,175.89,'2024-01-01',8),(124,126,1,15.00,1,0,0.00,15.00,'2024-01-01',8),(125,126,1,0.04,3,0,0.00,0.11,'2024-01-01',8),(126,126,1,2.18,1,0,0.00,2.18,'2024-01-01',8),(127,127,1,15.99,7,0,0.00,111.93,'2024-01-01',8),(128,127,1,15.00,1,0,0.00,15.00,'2024-01-01',8),(129,127,1,0.04,1,0,0.00,0.04,'2024-01-01',8),(130,127,1,2.18,1,0,0.00,2.18,'2024-01-01',8),(131,128,1,15.99,11,0,0.00,175.89,'2024-01-01',8),(132,128,1,15.00,1,0,0.00,15.00,'2024-01-01',8),(133,128,1,0.04,3,0,0.00,0.11,'2024-01-01',8),(134,128,1,2.18,1,0,0.00,2.18,'2024-01-01',8),(135,129,1,15.00,1,0,0.00,15.00,'2024-01-01',8),(136,129,1,0.05,401,0,0.00,20.05,'2024-01-01',8),(137,129,1,0.04,3,0,0.00,0.11,'2024-01-01',8),(138,129,1,2.18,9,0,0.00,19.62,'2024-01-01',8),(139,130,1,15.00,2,0,0.00,30.00,'2024-01-01',8),(140,130,1,0.04,1,0,0.00,0.04,'2024-01-01',8),(141,130,1,2.18,2,0,0.00,4.36,'2024-01-01',8),(142,131,1,10.00,4,0,0.00,40.00,'2024-01-01',8),(143,131,1,15.00,1,0,0.00,15.00,'2024-01-01',8),(144,131,1,0.04,10,0,0.00,0.38,'2024-01-01',8),(145,131,1,2.18,5,0,0.00,10.90,'2024-01-01',8),(146,132,1,10.00,11,0,0.00,110.00,'2024-01-01',8),(147,132,1,15.00,1,0,0.00,15.00,'2024-01-01',8),(148,132,1,0.04,9,0,0.00,0.34,'2024-01-01',8),(149,132,1,2.18,12,0,0.00,26.16,'2024-01-01',8),(150,133,1,10.00,8,0,0.00,80.00,'2024-01-01',8),(151,133,1,0.04,5,0,0.00,0.19,'2024-01-01',8),(152,133,1,2.18,8,0,0.00,17.44,'2024-01-01',8),(153,134,1,10.00,1,0,0.00,10.00,'2024-01-01',8),(154,134,1,0.04,6,0,0.00,0.23,'2024-01-01',8),(155,134,1,2.18,1,0,0.00,2.18,'2024-01-01',8),(156,135,1,16.15,9,0,0.00,145.35,'2024-01-01',8),(157,135,1,15.00,1,0,0.00,15.00,'2024-01-01',8),(158,135,1,0.04,3,0,0.00,0.11,'2024-01-01',8),(159,135,1,2.18,1,0,0.00,2.18,'2024-01-01',8),(160,136,1,16.15,10,0,0.00,161.50,'2024-01-01',8),(161,136,1,15.00,1,0,0.00,15.00,'2024-01-01',8),(162,136,1,0.04,1,0,0.00,0.04,'2024-01-01',8),(163,136,1,2.18,1,0,0.00,2.18,'2024-01-01',8),(164,137,1,16.15,5,0,0.00,80.75,'2024-01-01',8),(165,137,1,15.00,1,0,0.00,15.00,'2024-01-01',8),(166,137,1,0.04,1,0,0.00,0.04,'2024-01-01',8),(167,137,1,2.18,1,0,0.00,2.18,'2024-01-01',8),(168,138,1,10.00,6,0,0.00,60.00,'2024-01-01',8),(169,138,1,15.00,3,0,0.00,45.00,'2024-01-01',8),(170,138,1,0.04,7,0,0.00,0.27,'2024-01-01',8),(171,138,1,2.18,9,0,0.00,19.62,'2024-01-01',8),(172,139,1,10.00,1,0,0.00,10.00,'2024-01-01',8),(173,139,1,0.04,38,0,0.00,1.44,'2024-01-01',8),(174,139,1,2.18,1,0,0.00,2.18,'2024-01-01',8),(175,140,1,10.00,7,0,0.00,70.00,'2024-01-01',8),(176,140,1,15.00,1,0,0.00,15.00,'2024-01-01',8),(177,140,1,0.04,9,0,0.00,0.34,'2024-01-01',8),(178,140,1,2.18,8,0,0.00,17.44,'2024-01-01',8),(179,141,1,0.04,6,0,0.00,0.23,'2024-01-01',8),(180,141,1,10.00,5,0,0.00,50.00,'2024-01-01',8),(181,141,1,15.00,1,0,0.00,15.00,'2024-01-01',8),(182,141,1,2.18,6,0,0.00,13.08,'2024-01-01',8),(183,142,1,16.15,5,0,0.00,80.75,'2024-01-01',8),(184,142,1,15.00,1,0,0.00,15.00,'2024-01-01',8),(185,142,1,0.04,1,0,0.00,0.04,'2024-01-01',8),(186,142,1,2.18,1,0,0.00,2.18,'2024-01-01',8),(187,143,1,16.15,8,0,0.00,129.20,'2024-01-01',8),(188,143,1,15.00,1,0,0.00,15.00,'2024-01-01',8),(189,143,1,0.04,4,0,0.00,0.15,'2024-01-01',8),(190,143,1,2.18,1,0,0.00,2.18,'2024-01-01',8),(191,144,1,0.04,2,0,0.00,0.08,'2024-01-01',8),(192,144,1,10.00,1,0,0.00,10.00,'2024-01-01',8),(193,144,1,2.18,1,0,0.00,2.18,'2024-01-01',8),(194,145,1,0.04,2,0,0.00,0.08,'2024-01-01',8),(195,145,1,15.00,6,0,0.00,90.00,'2024-01-01',8),(196,145,1,2.18,1,0,0.00,2.18,'2024-01-01',8),(197,146,1,25.00,7,0,0.00,175.00,'2024-01-01',8),(198,146,1,15.00,1,0,0.00,15.00,'2024-01-01',8),(199,146,1,0.04,1,0,0.00,0.04,'2024-01-01',8),(200,146,1,2.18,1,0,0.00,2.18,'2024-01-01',8),(201,147,1,25.00,7,0,0.00,175.00,'2024-01-01',8),(202,147,1,15.00,1,0,0.00,15.00,'2024-01-01',8),(203,147,1,0.04,3,0,0.00,0.11,'2024-01-01',8),(204,147,1,2.18,1,0,0.00,2.18,'2024-01-01',8),(205,148,1,25.00,9,0,0.00,225.00,'2024-01-01',8),(206,148,1,15.00,1,0,0.00,15.00,'2024-01-01',8),(207,148,1,0.04,1,0,0.00,0.04,'2024-01-01',8),(208,148,1,2.18,1,0,0.00,2.18,'2024-01-01',8),(209,149,1,25.00,8,0,0.00,200.00,'2024-01-01',8),(210,149,1,15.00,1,0,0.00,15.00,'2024-01-01',8),(211,149,1,0.04,1,0,0.00,0.04,'2024-01-01',8),(212,149,1,2.18,1,0,0.00,2.18,'2024-01-01',8),(213,150,1,25.00,7,0,0.00,175.00,'2024-01-01',8),(214,150,1,15.00,1,0,0.00,15.00,'2024-01-01',8),(215,150,1,0.04,1,0,0.00,0.04,'2024-01-01',8),(216,150,1,2.18,1,0,0.00,2.18,'2024-01-01',8),(217,151,1,0.03,15,0,0.00,0.45,'2024-01-01',8),(218,151,1,20.00,9,0,0.00,180.00,'2024-01-01',8),(219,151,1,2.18,9,0,0.00,19.62,'2024-01-01',8),(220,152,1,0.05,1,0,0.00,0.05,'2024-01-01',8),(221,152,1,0.04,13,0,0.00,0.49,'2024-01-01',8),(222,152,1,15.00,1,0,0.00,15.00,'2024-01-01',8),(223,152,1,10.00,6,0,0.00,60.00,'2024-01-01',8),(224,152,1,2.18,12,0,0.00,26.16,'2024-01-01',8),(225,153,1,30.00,1,0,0.00,30.00,'2024-01-01',8),(226,153,1,25.00,8,0,0.00,200.00,'2024-01-01',8),(227,153,1,10.00,1,0,0.00,10.00,'2024-01-01',8),(228,153,1,0.04,617,0,0.00,23.45,'2024-01-01',8),(229,153,1,2.18,1,0,0.00,2.18,'2024-01-01',8),(230,154,1,15.99,12,0,0.00,191.88,'2024-01-01',8),(231,154,1,15.00,1,0,0.00,15.00,'2024-01-01',8),(232,154,1,10.00,3,0,0.00,30.00,'2024-01-01',8),(233,154,1,0.04,0,0,0.00,0.00,'2024-01-01',8),(234,154,1,2.18,4,0,0.00,8.72,'2024-01-01',8),(235,155,1,39.11,2,0,0.00,78.22,'2024-01-01',8),(236,155,1,58.02,1,0,0.00,58.02,'2024-01-01',8),(237,156,1,58.02,1,0,0.00,58.02,'2024-01-01',8),(238,156,1,15.00,1,0,0.00,15.00,'2024-01-01',8),(239,156,1,2.18,1,0,0.00,2.18,'2024-01-01',8),(240,157,1,0.04,3,0,0.00,0.11,'2024-01-01',8),(241,157,1,15.00,1,0,0.00,15.00,'2024-01-01',8),(242,157,1,2.18,1,0,0.00,2.18,'2024-01-01',8),(243,158,1,0.04,915,0,0.00,34.77,'2024-01-01',8),(244,158,1,15.00,1,0,0.00,15.00,'2024-01-01',8),(245,158,1,2.18,1,0,0.00,2.18,'2024-01-01',8),(246,159,1,0.04,1,0,0.00,0.04,'2024-01-01',8),(247,159,1,15.00,1,0,0.00,15.00,'2024-01-01',8),(248,159,1,2.18,1,0,0.00,2.18,'2024-01-01',8),(249,160,1,0.04,844,0,0.00,32.07,'2024-01-01',8),(250,160,1,10.00,1,0,0.00,10.00,'2024-01-01',8),(251,160,1,2.18,1,0,0.00,2.18,'2024-01-01',8),(252,161,1,0.04,2,0,0.00,0.08,'2024-01-01',8),(253,161,1,15.00,1,0,0.00,15.00,'2024-01-01',8),(254,161,1,2.18,1,0,0.00,2.18,'2024-01-01',8),(255,162,1,15.99,8,0,0.00,127.92,'2024-01-01',8),(256,162,1,15.00,1,0,0.00,15.00,'2024-01-01',8),(257,162,1,0.04,1,0,0.00,0.04,'2024-01-01',8),(258,162,1,2.18,1,0,0.00,2.18,'2024-01-01',8),(259,163,1,0.03,3,0,0.00,0.09,'0000-00-00',8),(260,163,1,0.04,2,0,0.00,0.08,'2024-01-01',8),(261,163,1,20.00,8,0,0.00,160.00,'2024-01-01',8),(262,163,1,15.00,1,0,0.00,15.00,'2024-01-01',8),(263,163,1,2.18,9,0,0.00,19.62,'2024-01-01',8),(264,164,1,0.04,1,0,0.00,0.04,'2024-01-01',8),(265,164,1,10.00,4,0,0.00,40.00,'2024-01-01',8),(266,164,1,10.00,1,0,0.00,10.00,'2024-01-01',8),(267,164,1,2.18,5,0,0.00,10.90,'2024-01-01',8),(268,165,1,0.04,135,0,0.00,5.13,'2024-01-01',8),(269,165,1,15.00,1,0,0.00,15.00,'2024-01-01',8),(270,165,1,15.00,1,0,0.00,15.00,'2024-01-01',8),(271,166,1,0.04,921,0,0.00,35.00,'2024-01-01',8),(272,166,1,10.00,1,0,0.00,10.00,'2024-01-01',8),(273,166,1,2.18,1,0,0.00,2.18,'2024-01-01',8),(274,167,1,0.03,818,0,0.00,24.54,'2024-01-01',8),(275,167,1,20.00,1,0,0.00,20.00,'2024-01-01',8),(276,167,1,2.18,1,0,0.00,2.18,'2024-01-01',8),(277,167,1,0.04,252,0,0.00,9.58,'2024-01-01',8),(278,168,1,0.04,252,0,0.00,9.58,'2024-01-01',8),(279,168,1,15.00,1,0,0.00,15.00,'2024-01-01',8),(280,168,1,2.18,1,0,0.00,2.18,'2024-01-01',8),(281,169,1,0.04,27,0,0.00,1.03,'2024-01-01',8),(282,169,1,10.00,1,0,0.00,10.00,'2024-01-01',8),(283,169,1,2.18,1,0,0.00,2.18,'2024-01-01',8),(284,170,1,0.04,2,0,0.00,0.08,'2024-01-01',8),(285,170,1,10.00,2,0,0.00,20.00,'2024-01-01',8),(286,170,1,2.18,2,0,0.00,4.36,'2024-01-01',8),(287,171,1,58.02,1,0,0.00,58.02,'2024-01-01',8),(288,171,1,39.11,3,0,0.00,117.33,'2024-01-01',8),(289,172,1,0.03,1,0,0.00,0.03,'2024-01-01',8),(290,172,1,20.00,1,0,0.00,20.00,'2024-01-01',8),(291,172,1,2.18,1,0,0.00,2.18,'2024-01-01',8),(292,173,1,25.00,7,0,0.00,175.00,'2024-01-01',8),(293,173,1,15.00,1,0,0.00,15.00,'2024-01-01',8),(294,173,1,0.04,6,0,0.00,0.23,'2024-01-01',8),(295,173,1,2.18,1,0,0.00,2.18,'2024-01-01',8),(296,174,1,15.87,6,0,0.00,95.22,'2024-01-01',8),(297,174,1,20.47,1,0,0.00,20.47,'2024-01-01',8),(298,174,1,10.00,1,0,0.00,10.00,'2024-01-01',8),(299,174,1,0.04,107,0,0.00,4.07,'2024-01-01',8),(300,174,1,2.18,1,0,0.00,2.18,'2024-01-01',8),(301,175,1,0.04,1,0,0.00,0.04,'2024-01-01',8),(302,175,1,1.00,1,0,0.00,1.00,'2024-01-01',8),(303,175,1,2.18,1,0,0.00,2.18,'2024-01-01',8),(304,176,1,2.18,1,0,0.00,2.18,'2024-01-01',8),(305,176,1,0.03,967,0,0.00,29.01,'2024-01-01',8),(306,176,1,20.00,1,0,0.00,20.00,'2024-01-01',8),(307,177,1,0.03,1,0,0.00,0.03,'2024-01-01',8),(308,177,1,20.00,2,0,0.00,40.00,'2024-01-01',8),(309,177,1,2.18,2,0,0.00,4.36,'2024-01-01',8),(310,178,1,0.03,1,0,0.00,0.03,'2024-01-01',8),(311,178,1,20.00,1,0,0.00,20.00,'2024-01-01',8),(312,178,1,2.18,1,0,0.00,2.18,'2024-01-01',8),(313,179,1,0.04,688,0,0.00,26.14,'2024-01-01',8),(314,179,1,10.00,1,0,0.00,10.00,'2024-01-01',8),(315,179,1,39.11,5,0,0.00,195.55,'2024-01-01',8),(316,179,1,58.02,2,0,0.00,116.04,'2024-01-01',8),(317,179,1,2.18,1,0,0.00,2.18,'2024-01-01',8),(318,180,1,0.04,996,0,0.00,37.85,'0004-01-01',8),(319,180,1,10.00,1,0,0.00,10.00,'2024-01-01',8),(320,180,1,58.02,2,0,0.00,116.04,'2024-01-01',8),(321,180,1,39.11,6,0,0.00,234.66,'2024-01-01',8),(322,180,1,2.18,1,0,0.00,2.18,'2024-01-01',8),(323,181,1,0.04,427,0,0.00,16.23,'2024-01-01',8),(324,181,1,58.02,2,0,0.00,116.04,'2024-01-01',8),(325,181,1,39.11,6,0,0.00,234.66,'2024-01-01',8),(326,181,1,10.00,1,0,0.00,10.00,'2024-01-01',8),(327,181,1,2.18,1,0,0.00,2.18,'2024-01-01',8),(328,182,1,0.04,1,0,0.00,0.04,'2024-01-01',8),(329,182,1,10.00,1,0,0.00,10.00,'2024-01-01',8),(330,182,1,58.02,2,0,0.00,116.04,'2024-01-01',8),(331,182,1,39.11,5,0,0.00,195.55,'2024-01-01',8),(332,182,1,2.18,1,0,0.00,2.18,'2024-01-01',8),(333,183,1,0.04,511,0,0.00,19.42,'2024-01-01',8),(334,183,1,10.00,1,0,0.00,10.00,'2024-01-01',8),(335,183,1,39.11,7,0,0.00,273.77,'2024-01-01',8),(336,183,1,58.02,2,0,0.00,116.04,'2024-01-01',8),(337,183,1,2.18,1,0,0.00,2.18,'2024-01-01',8),(338,184,1,0.04,1,0,0.00,0.04,'2024-01-01',8),(339,184,1,15.00,1,0,0.00,15.00,'2024-01-01',8),(340,184,1,2.18,1,0,0.00,2.18,'2024-01-01',8),(341,185,1,0.04,670,0,0.00,25.46,'2024-01-01',8),(342,185,1,15.00,1,0,0.00,15.00,'2024-01-01',8),(343,185,1,2.18,1,0,0.00,2.18,'2024-01-01',8),(344,186,1,0.04,1,0,0.00,0.04,'2024-01-01',8),(345,186,1,39.11,5,0,0.00,195.55,'2024-01-01',8),(346,186,1,58.02,2,0,0.00,116.04,'2024-01-01',8),(347,186,1,10.00,2,0,0.00,20.00,'2024-01-01',8),(348,186,1,2.18,2,0,0.00,4.36,'2024-01-01',8),(349,187,1,0.04,510,0,0.00,19.38,'2024-01-01',8),(350,187,1,15.00,1,0,0.00,15.00,'2024-01-01',8),(351,187,1,2.18,1,0,0.00,2.18,'2024-01-01',8),(352,188,1,39.11,7,0,0.00,273.77,'2024-01-01',8),(353,188,1,58.02,2,0,0.00,116.04,'2024-01-01',8),(354,188,1,39.11,11,0,0.00,430.21,'2024-01-01',8),(355,189,1,39.11,11,0,0.00,430.21,'2024-01-01',8),(356,189,1,58.02,2,0,0.00,116.04,'2024-01-01',8),(357,74,2,332.16,1,0,150.00,482.16,'2023-12-01',17),(358,70,2,70.55,1,0,140.00,210.55,'2023-12-01',12),(359,74,2,213.15,1,0,150.00,313.15,'2024-02-01',22),(360,74,2,176.89,1,0,150.00,326.89,'2024-01-01',21),(361,70,2,43.08,1,0,140.00,183.08,'2024-02-01',11),(362,71,2,98.84,1,0,95.00,193.84,'2023-12-01',15),(363,71,2,185.54,1,0,95.00,280.54,'2024-02-01',13),(365,71,2,92.80,1,0,95.00,187.80,'2024-01-01',14),(366,72,2,341.33,1,0,180.00,521.33,'2023-12-01',24),(367,72,2,391.26,1,0,180.00,571.26,'2024-02-01',26),(368,73,2,160.02,1,0,200.00,360.02,'2023-12-01',16),(369,72,2,300.48,1,0,180.00,480.48,'2024-01-01',25),(370,73,2,149.86,1,0,200.00,349.86,'2024-02-01',20),(371,73,2,195.33,1,0,200.00,395.33,'2024-01-01',27),(372,75,2,192.33,1,0,35.00,227.33,'2023-12-01',18),(373,75,2,160.76,1,0,35.00,195.76,'2024-03-01',23),(374,75,2,342.45,1,0,35.00,377.45,'2024-01-01',19),(376,88,1,0.03,502,0,0.00,12.55,'2024-02-29',5),(377,88,1,0.04,76715,0,0.00,3068.60,'2024-02-29',5),(378,88,1,2.15,57,0,0.00,122.55,'2024-02-29',5),(379,88,1,30.00,53,0,0.00,1590.00,'2024-02-29',5),(380,88,1,58.02,2,0,0.00,116.04,'2024-02-29',5),(381,88,1,0.03,3519,0,0.00,119.65,'2024-02-29',5),(382,89,1,0.04,3752,0,0.00,142.58,'2024-02-29',6),(383,89,1,0.10,1,0,0.00,0.01,'2024-02-29',6),(384,89,1,15.00,1,0,0.00,15.00,'2024-02-29',6),(385,91,1,15.52,7,0,0.00,108.64,'2024-02-29',6),(386,91,1,20.30,1,0,0.00,20.03,'2024-02-29',6),(387,92,1,15.80,7,0,0.00,110.60,'2024-02-29',6),(388,92,1,20.38,1,0,0.00,20.38,'2024-02-29',6),(389,93,1,15.49,7,0,0.00,108.43,'2024-02-29',6),(390,93,1,19.98,1,0,0.00,19.98,'2024-02-29',6),(391,94,1,15.80,7,0,0.00,110.60,'2024-02-29',6),(392,94,1,20.38,1,0,0.00,20.38,'2024-02-29',6),(393,95,1,15.80,8,0,0.00,126.40,'2024-02-29',6),(394,95,1,20.38,1,0,0.00,20.38,'2024-02-29',6),(395,96,1,18.54,7,0,0.00,129.78,'2024-02-29',6),(396,96,1,20.43,1,0,0.00,20.43,'2024-02-29',6),(397,97,1,15.70,3,0,0.00,47.10,'2024-02-29',6),(398,97,1,20.25,1,0,0.00,20.25,'2024-02-29',6),(399,98,1,15.73,3,0,0.00,47.19,'2024-02-29',6),(400,98,1,20.29,1,0,0.00,20.29,'2024-02-29',6),(401,99,1,15.63,7,0,0.00,109.41,'2024-02-29',6),(402,99,1,20.16,1,0,0.00,20.16,'2024-02-29',6),(403,100,1,15.63,9,0,0.00,140.67,'2024-02-29',6),(404,100,1,20.16,1,0,0.00,20.16,'2024-02-29',6),(405,101,1,15.63,14,0,0.00,218.82,'2024-02-29',6),(406,101,1,20.16,2,0,0.00,40.32,'2024-02-29',6),(407,103,1,0.50,10581,0,0.00,0.50,'2024-02-29',6),(408,103,1,2.15,8,0,0.00,17.20,'2024-02-29',6),(409,104,1,15.46,7,0,0.00,108.22,'2024-02-29',6),(410,104,1,19.94,1,0,0.00,19.94,'2024-02-29',6),(411,106,1,15.46,7,0,0.00,108.22,'2024-02-29',6),(412,106,1,19.94,1,0,0.00,19.94,'2024-02-29',6),(413,107,1,15.66,9,0,0.00,140.94,'2024-02-29',6),(414,107,1,15.00,1,0,0.00,15.00,'2024-02-29',6),(415,107,1,0.04,3515,0,0.00,133.57,'2024-02-29',6),(416,107,1,2.15,1,0,0.00,2.15,'2024-02-29',6),(417,108,1,0.04,6001,0,0.00,228.04,'2024-02-29',6),(418,108,1,15.00,1,0,0.00,15.00,'2024-02-29',6),(419,108,1,2.15,1,0,0.00,2.15,'2024-02-29',6),(420,109,1,15.66,7,0,0.00,109.62,'2024-02-29',6),(422,109,1,15.00,1,0,0.00,15.00,'2024-02-29',6),(423,109,1,0.04,1649,0,0.00,62.66,'2024-02-29',6),(424,109,1,2.15,1,0,0.00,2.15,'2024-02-29',6),(425,110,1,15.66,8,0,0.00,125.28,'2024-02-29',6),(426,110,1,15.00,1,0,0.00,15.00,'2024-02-29',6),(427,110,1,0.04,3142,0,0.00,119.40,'2024-02-29',6),(428,110,1,2.15,1,0,0.00,2.15,'2024-02-29',6),(429,111,1,15.80,4,0,0.00,63.20,'2024-02-29',6),(430,111,1,15.00,1,0,0.00,15.00,'2024-02-29',6),(431,111,1,0.04,1403,0,0.00,53.31,'2024-02-29',6),(432,111,1,2.15,1,0,0.00,2.15,'2024-02-29',6),(433,112,1,0.04,6,0,0.00,0.23,'2024-02-29',6),(434,112,1,15.00,1,0,0.00,15.00,'2024-02-29',6),(435,112,1,2.15,1,0,0.00,2.15,'2024-02-29',6),(436,113,1,15.59,11,0,0.00,171.49,'2024-02-29',6),(437,113,1,15.00,1,0,0.00,15.00,'2024-02-29',6),(438,113,1,0.04,30,0,0.00,1.14,'2024-02-29',6),(439,113,1,2.15,1,0,0.00,2.15,'2024-02-29',6),(440,114,1,15.56,11,0,0.00,171.16,'2024-02-29',6),(441,114,1,15.00,1,0,0.00,15.00,'2024-02-29',6),(442,114,1,0.04,1936,0,0.00,73.57,'2024-02-29',6),(443,114,1,2.15,1,0,0.00,2.15,'2024-02-29',6),(444,115,1,15.66,12,0,0.00,187.92,'2024-02-29',6),(445,115,1,15.00,1,0,0.00,15.00,'2024-02-29',6),(446,115,1,0.04,1308,0,0.00,49.70,'2024-02-29',6),(447,115,1,2.15,1,0,0.00,2.15,'2024-02-29',6),(448,116,1,15.66,5,0,0.00,78.30,'2024-02-29',6),(449,116,1,15.00,1,0,0.00,15.00,'2024-02-29',6),(450,116,1,0.04,2033,0,0.00,77.25,'2024-02-29',6),(451,116,1,2.15,1,0,0.00,2.15,'2024-02-29',6),(452,117,1,15.66,11,0,0.00,172.26,'2024-02-29',6),(453,117,1,15.00,1,0,0.00,15.00,'2024-02-29',6),(454,117,1,0.04,1538,0,0.00,58.44,'2024-02-29',6),(455,117,1,2.15,1,0,0.00,2.15,'2024-02-29',6),(456,118,1,15.66,12,0,0.00,187.92,'2024-02-29',6),(457,118,1,15.00,1,0,0.00,15.00,'2024-02-29',6),(458,118,1,0.04,875,0,0.00,33.25,'2024-02-29',6),(459,118,1,2.15,1,0,0.00,2.15,'2024-02-29',6),(460,119,1,15.66,11,0,0.00,172.26,'2024-02-29',6),(461,119,1,10.00,1,0,0.00,10.00,'2024-02-29',6),(462,119,1,15.00,1,0,0.00,15.00,'2024-02-29',6),(463,119,1,0.04,1699,0,0.00,64.56,'2024-02-29',6),(464,119,1,2.15,2,0,0.00,4.30,'2024-02-29',6),(465,121,1,15.94,11,0,0.00,175.34,'2024-02-29',6),(466,121,1,15.00,1,0,0.00,15.00,'2024-02-29',6),(467,121,1,0.04,1425,0,0.00,54.15,'2024-02-29',6),(468,121,1,2.15,1,0,0.00,2.15,'2024-02-29',6),(469,122,1,15.94,7,0,0.00,111.58,'2024-02-29',6),(471,122,1,15.00,1,0,0.00,15.00,'2024-02-29',6),(472,122,1,0.04,517,0,0.00,19.65,'2024-02-29',6),(473,122,1,2.15,1,0,0.00,2.15,'2024-02-29',6),(474,123,1,15.94,7,0,0.00,111.58,'2024-02-29',6),(476,123,1,15.00,1,0,0.00,15.00,'2024-02-29',6),(477,123,1,0.04,2501,0,0.00,95.04,'2024-02-29',6),(478,123,1,2.15,1,0,0.00,2.15,'2024-02-29',6),(479,124,1,15.99,10,0,0.00,159.90,'2024-02-29',6),(480,124,1,15.00,1,0,0.00,15.00,'2024-02-29',6),(481,124,1,0.04,2579,0,0.00,98.00,'2024-02-29',6),(482,124,1,2.15,1,0,0.00,2.15,'2024-02-29',6),(483,125,1,15.99,8,0,0.00,127.92,'2024-02-29',6),(484,125,1,15.00,1,0,0.00,15.00,'2024-02-29',6),(485,125,1,0.04,1984,0,0.00,75.39,'2024-02-29',6),(486,125,1,2.15,1,0,0.00,2.15,'2024-02-29',6),(487,126,1,15.99,11,0,0.00,175.89,'2024-02-29',6),(488,126,1,15.00,1,0,0.00,15.00,'2024-02-29',6),(489,126,1,0.04,2906,0,0.00,110.43,'2024-02-29',6),(490,126,1,2.15,1,0,0.00,2.15,'2024-02-29',6),(491,127,1,15.99,7,0,0.00,111.93,'2024-02-29',6),(492,127,1,15.00,1,0,0.00,15.00,'2024-02-29',6),(493,127,1,0.04,1509,0,0.00,57.34,'2024-02-29',6),(494,127,1,2.15,1,0,0.00,2.15,'2024-02-29',6),(495,128,1,15.99,11,0,0.00,175.89,'2024-02-29',6),(496,128,1,15.00,1,0,0.00,15.00,'2024-02-29',6),(497,128,1,0.04,1390,0,0.00,52.82,'2024-02-29',6),(498,128,1,2.15,1,0,0.00,2.15,'2024-02-29',6),(499,129,1,15.00,1,0,0.00,15.00,'2024-02-29',6),(500,129,1,0.05,287,0,0.00,14.35,'2024-02-29',6),(501,129,1,0.04,2242,0,0.00,85.20,'2024-02-29',6),(502,129,1,2.15,9,0,0.00,19.35,'2024-02-29',6),(503,130,1,15.00,1,0,0.00,15.00,'2024-02-29',6),(504,130,1,0.04,1183,0,0.00,44.95,'2024-02-29',6),(505,130,1,2.15,1,0,0.00,2.15,'2024-02-29',6),(506,131,1,10.00,4,0,0.00,40.00,'2024-02-29',6),(507,131,1,15.00,1,0,0.00,15.00,'2024-02-29',6),(508,131,1,0.04,8239,0,0.00,313.08,'2024-02-29',6),(509,131,1,2.15,5,0,0.00,10.75,'2024-02-29',6),(510,132,1,10.00,10,0,0.00,100.00,'2024-02-29',6),(511,132,1,15.00,1,0,0.00,15.00,'2024-02-29',6),(512,132,1,0.04,7830,0,0.00,297.54,'2024-02-29',6),(513,132,1,2.15,11,0,0.00,23.65,'2024-02-29',6),(515,88,1,10.00,8,0,0.00,80.00,'2024-02-29',6),(516,133,1,0.04,4604,0,0.00,174.95,'2024-02-29',6),(517,133,1,2.15,8,0,0.00,17.20,'2024-02-29',6),(518,134,1,10.00,1,0,0.00,10.00,'2024-02-29',6),(519,134,1,0.04,6036,0,0.00,229.37,'2024-02-29',6),(520,134,1,2.15,1,0,0.00,2.15,'2024-02-29',6),(521,135,1,16.15,9,0,0.00,145.35,'2024-02-29',6),(522,135,1,15.00,1,0,0.00,15.00,'2024-02-29',6),(523,135,1,0.04,2044,0,0.00,77.67,'2024-02-29',6),(524,135,1,2.15,1,0,0.00,2.15,'2024-02-29',6),(525,136,1,16.15,10,0,0.00,161.50,'2024-02-29',6),(526,136,1,0.04,1435,0,0.00,54.53,'2024-02-29',6),(527,136,1,2.15,1,0,0.00,2.15,'2024-02-29',6),(528,137,1,16.15,5,0,0.00,80.75,'2024-02-29',6),(529,137,1,0.04,1694,0,0.00,64.37,'2024-02-29',6),(530,137,1,2.15,1,0,0.00,2.15,'2024-02-29',6),(531,138,1,10.00,6,0,0.00,60.00,'2024-02-29',6),(532,138,1,15.00,3,0,0.00,45.00,'2024-02-29',6),(533,138,1,0.04,6387,0,0.00,242.71,'2024-02-29',6),(534,138,1,2.15,9,0,0.00,19.35,'2024-02-29',6),(535,139,1,10.00,1,0,0.00,10.00,'2024-02-29',6),(536,139,1,0.04,4,0,0.00,0.15,'2024-02-29',6),(537,139,1,2.15,1,0,0.00,2.15,'2024-02-29',6),(538,140,1,10.00,7,0,0.00,70.00,'2024-02-29',6),(539,114,1,10.00,7,0,0.00,70.00,'2024-02-29',6),(540,140,1,15.00,1,0,0.00,15.00,'2024-02-29',6),(541,140,1,0.04,6958,0,0.00,264.40,'2024-02-29',6),(542,140,1,2.15,8,0,0.00,17.20,'2024-02-29',6),(543,141,1,0.04,5395,0,0.00,205.01,'2024-02-29',6),(544,141,1,10.00,5,0,0.00,50.00,'2024-02-29',6),(545,141,1,10.00,5,0,0.00,50.00,'2024-02-29',6),(546,141,1,15.00,1,0,0.00,15.00,'2024-02-29',6),(547,141,1,2.15,6,0,0.00,12.90,'2024-02-29',6),(548,142,1,16.15,5,0,0.00,80.75,'2024-02-29',6),(549,142,1,15.00,1,0,0.00,15.00,'2024-02-29',6),(550,142,1,0.04,1585,0,0.00,60.23,'2024-02-29',6),(551,142,1,2.15,1,0,0.00,2.15,'2024-02-29',6),(552,143,1,16.15,8,0,0.00,129.20,'2024-02-29',6),(553,143,1,15.00,1,0,0.00,15.00,'2024-02-29',6),(554,143,1,0.04,3650,0,0.00,138.70,'2024-02-29',6),(555,143,1,2.15,1,0,0.00,2.15,'2024-02-29',6),(556,144,1,0.04,2640,0,0.00,100.32,'2024-02-29',6),(557,144,1,10.00,1,0,0.00,10.00,'2024-02-29',6),(558,144,1,2.15,1,0,0.00,2.15,'2024-02-29',6),(559,145,1,0.04,1923,0,0.00,73.07,'2024-02-29',6),(560,145,1,15.00,6,0,0.00,90.00,'2024-02-29',6),(561,145,1,2.15,1,0,0.00,2.15,'2024-02-29',6),(562,146,1,25.00,7,0,0.00,175.00,'2024-02-29',6),(563,146,1,15.00,1,0,0.00,15.00,'2024-02-29',6),(564,146,1,0.04,1747,0,0.00,66.39,'2024-02-29',6),(565,146,1,2.15,1,0,0.00,2.15,'2024-02-29',6),(566,147,1,25.00,7,0,0.00,175.00,'2024-02-29',6),(567,147,1,15.00,1,0,0.00,15.00,'2024-02-29',6),(568,147,1,0.04,3509,0,0.00,133.34,'2024-02-29',6),(569,147,1,2.15,1,0,0.00,2.15,'2024-02-29',6),(570,148,1,25.00,9,0,0.00,225.00,'2024-02-29',6),(571,148,1,15.00,1,0,0.00,15.00,'2024-02-29',6),(572,148,1,0.04,1104,0,0.00,41.95,'2024-02-29',6),(573,148,1,2.15,1,0,0.00,2.15,'2024-02-29',6),(574,149,1,25.00,8,0,0.00,200.00,'2024-02-29',6),(575,149,1,15.00,1,0,0.00,15.00,'2024-02-29',6),(576,149,1,0.04,2,0,0.00,0.08,'2024-02-29',6),(577,149,1,2.15,1,0,0.00,2.15,'2024-02-29',6),(578,150,1,25.00,7,0,0.00,175.00,'2024-02-29',6),(579,150,1,15.00,1,0,0.00,15.00,'2024-02-29',6),(580,150,1,0.04,1060,0,0.00,40.28,'2024-02-29',6),(581,150,1,2.15,1,0,0.00,2.15,'2024-02-29',6),(582,151,1,0.03,9524,0,0.00,285.72,'2024-02-29',6),(583,151,1,20.00,9,0,0.00,180.00,'2024-02-29',6),(584,151,1,2.15,9,0,0.00,19.35,'2024-02-29',6),(585,152,1,0.05,1308,0,0.00,65.40,'2024-02-29',6),(586,152,1,0.04,10879,0,0.00,413.40,'2024-02-29',6),(587,152,1,15.00,1,0,0.00,15.00,'2024-02-29',6),(588,152,1,10.00,7,0,0.00,70.00,'2024-02-29',6),(589,152,1,2.15,13,0,0.00,27.95,'2024-02-29',6),(590,153,1,30.00,1,0,0.00,30.00,'2024-02-29',6),(591,153,1,25.00,8,0,0.00,200.00,'2024-02-29',6),(592,153,1,10.00,1,0,0.00,10.00,'2024-02-29',6),(593,153,1,0.04,99,0,0.00,3.76,'2024-02-29',6),(594,153,1,2.15,1,0,0.00,2.15,'2024-02-29',6),(595,154,1,15.99,12,0,0.00,191.88,'2024-02-29',6),(596,154,1,15.00,1,0,0.00,15.00,'2024-02-29',6),(597,154,1,10.00,3,0,0.00,30.00,'2024-02-29',6),(598,154,1,0.04,3631,0,0.00,137.98,'2024-02-29',6),(599,154,1,2.15,4,0,0.00,8.60,'2024-02-29',6),(600,155,1,39.11,2,0,0.00,78.22,'2024-02-29',6),(601,155,1,58.02,1,0,0.00,58.02,'2024-02-29',6),(602,156,1,0.04,1149,0,0.00,43.66,'2024-02-29',6),(603,152,1,15.00,1,0,0.00,15.00,'2024-02-29',6),(604,156,1,15.00,1,0,0.00,15.00,'2024-02-29',6),(605,156,1,2.15,1,0,0.00,2.15,'2024-02-29',6),(606,157,1,0.04,3685,0,0.00,140.03,'2024-02-29',6),(607,157,1,15.00,1,0,0.00,15.00,'2024-02-29',6),(608,157,1,2.15,1,0,0.00,2.15,'2024-02-29',6),(609,158,1,0.04,247,0,0.00,9.39,'2024-02-29',6),(610,158,1,15.00,1,0,0.00,15.00,'2024-02-29',6),(611,158,1,2.15,1,0,0.00,2.15,'2024-02-29',6),(612,159,1,0.04,820,0,0.00,31.16,'2024-02-29',6),(613,159,1,15.00,1,0,0.00,15.00,'2024-02-29',6),(614,159,1,2.15,1,0,0.00,2.15,'2024-02-29',6),(615,160,1,0.04,141,0,0.00,5.36,'2024-02-29',6),(616,160,1,10.00,1,0,0.00,10.00,'2024-02-29',6),(617,160,1,2.15,1,0,0.00,2.15,'2024-02-29',6),(618,161,1,0.04,2420,0,0.00,91.96,'2024-02-29',6),(619,161,1,15.00,1,0,0.00,15.00,'2024-02-29',6),(620,161,1,2.15,1,0,0.00,2.15,'2024-02-29',6),(621,162,1,15.99,8,0,0.00,127.92,'2024-02-29',6),(622,162,1,15.00,1,0,0.00,15.00,'2024-02-29',6),(623,162,1,0.04,1128,0,0.00,42.86,'2024-02-29',6),(624,162,1,2.15,1,0,0.00,2.15,'2024-02-29',6),(625,163,1,0.03,2767,0,0.00,83.01,'2024-02-29',6),(626,163,1,0.04,2273,0,0.00,86.37,'2024-02-29',6),(627,163,1,20.00,8,0,0.00,160.00,'2024-02-29',6),(628,163,1,15.00,1,0,0.00,15.00,'2024-02-29',6),(629,163,1,2.15,9,0,0.00,19.35,'2024-02-29',6),(630,164,1,0.04,771,0,0.00,29.30,'2024-02-29',6),(631,164,1,10.00,4,0,0.00,40.00,'2024-02-29',6),(632,164,1,15.00,1,0,0.00,15.00,'2024-02-29',6),(633,164,1,2.15,5,0,0.00,10.75,'2024-02-29',6),(634,165,1,0.04,500,0,0.00,19.00,'2024-02-29',6),(635,165,1,15.00,1,0,0.00,15.00,'2024-02-29',6),(636,165,1,2.15,1,0,0.00,2.15,'2024-02-29',6),(637,166,1,0.04,578,0,0.00,21.96,'2024-02-29',6),(638,166,1,10.00,1,0,0.00,10.00,'2024-02-29',6),(639,166,1,2.15,1,0,0.00,2.15,'2024-02-29',6),(640,167,1,0.03,743,0,0.00,22.29,'2024-02-29',6),(641,167,1,20.00,1,0,0.00,20.00,'2024-02-29',6),(642,167,1,2.15,1,0,0.00,2.15,'2024-02-29',6),(643,168,1,0.04,433,0,0.00,16.45,'2024-02-29',6),(644,168,1,15.00,1,0,0.00,15.00,'2024-02-29',6),(645,168,1,2.15,1,0,0.00,2.15,'2024-02-29',6),(646,169,1,0.04,63,0,0.00,2.39,'2024-02-29',6),(647,169,1,10.00,1,0,0.00,10.00,'2024-02-29',6),(648,169,1,2.15,1,0,0.00,2.15,'2024-02-29',6),(649,170,1,0.04,2142,0,0.00,81.40,'2024-02-29',6),(650,170,1,10.00,2,0,0.00,20.00,'2024-02-29',6),(651,170,1,2.15,2,0,0.00,4.30,'2024-02-29',6),(652,171,1,58.02,1,0,0.00,58.02,'2024-02-29',6),(653,171,1,39.11,3,0,0.00,117.33,'2024-02-29',6),(654,172,1,0.04,23,0,0.00,0.87,'2024-02-29',6),(655,172,1,15.00,1,0,0.00,15.00,'2024-02-29',6),(656,172,1,2.15,1,0,0.00,2.15,'2024-02-29',6),(657,173,1,25.00,7,0,0.00,175.00,'2024-02-29',6),(658,173,1,15.00,1,0,0.00,15.00,'2024-02-29',6),(659,173,1,0.04,1056,0,0.00,40.13,'2024-02-29',6),(660,173,1,2.15,1,0,0.00,2.15,'2024-02-29',6),(661,174,1,15.87,6,0,0.00,95.22,'2024-02-29',6),(662,174,1,20.47,1,0,0.00,20.47,'2024-02-29',6),(663,174,1,10.00,1,0,0.00,10.00,'2024-02-29',6),(664,174,1,0.04,338,0,0.00,12.84,'2024-02-29',6),(665,174,1,2.15,1,0,0.00,2.15,'2024-02-29',6),(666,176,1,0.03,909,0,0.00,27.27,'2024-02-29',6),(667,104,1,15.46,7,0,0.00,108.22,'2024-02-29',6),(668,176,1,20.00,1,0,0.00,20.00,'2024-02-29',6),(669,176,1,2.15,1,0,0.00,2.15,'2024-02-29',6),(670,177,1,0.03,9162,0,0.00,274.86,'2024-02-29',6),(671,177,1,20.00,2,0,0.00,40.00,'2024-02-29',6),(672,177,1,2.15,2,0,0.00,4.30,'2024-02-29',6),(673,178,1,0.03,274,0,0.00,8.22,'2024-02-29',6),(674,178,1,20.00,1,0,0.00,20.00,'2024-02-29',6),(675,178,1,2.15,1,0,0.00,2.15,'2024-02-29',6),(676,179,1,0.04,73,0,0.00,2.77,'2024-02-29',6),(677,179,1,10.00,1,0,0.00,10.00,'2024-02-29',6),(678,179,1,39.11,5,0,0.00,195.55,'2024-02-29',6),(679,179,1,58.02,2,0,0.00,116.04,'2024-02-29',6),(680,179,1,2.15,1,0,0.00,2.15,'2024-02-29',6),(681,179,1,0.04,968,0,0.00,36.78,'2024-02-29',6),(682,180,1,0.04,968,0,0.00,36.78,'2024-02-29',6),(683,180,1,10.00,1,0,0.00,10.00,'2024-02-29',6),(684,180,1,58.02,2,0,0.00,116.04,'2024-02-29',6),(685,180,1,39.11,6,0,0.00,234.66,'2024-02-29',6),(686,180,1,2.15,1,0,0.00,2.15,'2024-02-29',6),(687,181,1,0.04,1443,0,0.00,54.83,'2024-02-29',6),(688,181,1,58.02,2,0,0.00,116.04,'2024-02-29',6),(689,181,1,39.11,6,0,0.00,234.66,'2024-02-29',6),(690,181,1,10.00,1,0,0.00,10.00,'2024-02-29',6),(691,181,1,2.15,1,0,0.00,2.15,'2024-02-29',6),(692,182,1,0.04,1139,0,0.00,43.28,'2024-02-29',6),(693,182,1,10.00,1,0,0.00,10.00,'2024-02-29',6),(694,182,1,58.02,2,0,0.00,116.04,'2024-02-29',6),(695,182,1,39.11,5,0,0.00,195.55,'2024-02-29',6),(696,182,1,2.15,1,0,0.00,2.15,'2024-02-29',6),(697,183,1,0.04,464,0,0.00,17.63,'2024-02-29',6),(698,183,1,10.00,1,0,0.00,10.00,'2024-02-29',6),(699,183,1,39.11,7,0,0.00,273.77,'2024-02-29',6),(700,183,1,58.02,2,0,0.00,116.04,'2024-02-29',6),(701,183,1,2.15,1,0,0.00,2.15,'2024-02-29',6),(702,186,1,0.04,1273,0,0.00,48.37,'2024-02-29',6),(703,186,1,39.11,5,0,0.00,195.55,'2024-02-29',6),(704,186,1,58.02,2,0,0.00,116.04,'2024-02-29',6),(705,186,1,10.00,2,0,0.00,20.00,'2024-02-29',6),(706,186,1,2.15,2,0,0.00,4.30,'2024-02-29',6),(707,187,1,0.04,2522,0,0.00,95.84,'2024-02-29',6),(708,187,1,15.00,1,0,0.00,15.00,'2024-02-29',6),(709,187,1,2.15,1,0,0.00,2.15,'2024-02-29',6),(710,188,1,39.11,7,0,0.00,273.77,'2024-02-29',6),(711,188,1,58.02,2,0,0.00,116.04,'2024-02-29',6),(712,189,1,39.11,11,0,0.00,430.21,'2024-02-29',6),(713,189,1,0.05,30,0,0.00,1.50,'2024-02-29',6),(714,189,1,2.15,1,0,0.00,2.15,'2024-02-29',6),(715,189,1,18.00,1,0,0.00,18.00,'2024-02-29',6);
/*!40000 ALTER TABLE `dzierzawa` ENABLE KEYS */;
UNLOCK TABLES;

--
-- Table structure for table `faktura`
--

DROP TABLE IF EXISTS `faktura`;
/*!40101 SET @saved_cs_client     = @@character_set_client */;
/*!40101 SET character_set_client = utf8 */;
CREATE TABLE `faktura` (
  `id` int(11) NOT NULL AUTO_INCREMENT,
  `numer_faktury` varchar(255) COLLATE utf8mb4_polish_ci DEFAULT NULL,
  PRIMARY KEY (`id`)
) ENGINE=InnoDB AUTO_INCREMENT=28 DEFAULT CHARSET=utf8mb4 COLLATE=utf8mb4_polish_ci;
/*!40101 SET character_set_client = @saved_cs_client */;

--
-- Dumping data for table `faktura`
--

LOCK TABLES `faktura` WRITE;
/*!40000 ALTER TABLE `faktura` DISABLE KEYS */;
INSERT INTO `faktura` VALUES (1,NULL),(5,'24/UMS/02/2024'),(6,'25/UMS/02/2024'),(7,'16/UMS/01/2024'),(8,'17/UMS/01/2024'),(9,'33/BYD/01/2024'),(10,'34/BYD/01/2024'),(11,'391/2/2024'),(12,'452/12/2023'),(13,'252/2/2024'),(14,'237/1/2024'),(15,'274/12/2023'),(16,'182/12/2023'),(17,'503/12/2023'),(18,'125/12/2023'),(19,'107/1/2024'),(20,'162/2/2024'),(21,'427/1/2024'),(22,'444/2/2024'),(23,'122/3/2024'),(24,'226/12/2023'),(25,'177/1/2024'),(26,'202/2/2024'),(27,'158/1/2024');
/*!40000 ALTER TABLE `faktura` ENABLE KEYS */;
UNLOCK TABLES;

--
-- Table structure for table `lokalizacja`
--

DROP TABLE IF EXISTS `lokalizacja`;
/*!40101 SET @saved_cs_client     = @@character_set_client */;
/*!40101 SET character_set_client = utf8 */;
CREATE TABLE `lokalizacja` (
  `IDLokalizacji` int(11) NOT NULL AUTO_INCREMENT,
  `Kod` varchar(50) DEFAULT NULL,
  `Nazwa_Lokalizacji` varchar(100) DEFAULT NULL,
  `IleDrukarek` int(11) DEFAULT NULL,
  PRIMARY KEY (`IDLokalizacji`)
) ENGINE=InnoDB AUTO_INCREMENT=1173 DEFAULT CHARSET=utf8mb4;
/*!40101 SET character_set_client = @saved_cs_client */;

--
-- Dumping data for table `lokalizacja`
--

LOCK TABLES `lokalizacja` WRITE;
/*!40000 ALTER TABLE `lokalizacja` DISABLE KEYS */;
INSERT INTO `lokalizacja` VALUES (1,'HQ','Centrala',79),(2,'S001','Złotów',9),(588,'S002','Człuchów',NULL),(589,'S004','Piła Kasztanowa',NULL),(590,'S009','Barlinek',NULL),(591,'S011','Starogard Gd. 1',NULL),(592,'S012','Wągrowiec',NULL),(593,'S013','Chodzież',NULL),(594,'S019','Czersk',NULL),(595,'S022','Grudziądz',NULL),(596,'S026','Malbork',NULL),(597,'S027','Wejherowo',NULL),(598,'S031','Leszno',NULL),(599,'S033','Wałcz Agroma',NULL),(600,'S037','Słubice',NULL),(601,'S038','Pyrzyce',NULL),(602,'S042','Rawicz',NULL),(603,'S046','Kołobrzeg',NULL),(604,'S047','Tczew 2',NULL),(605,'S048','Kwidzyn',NULL),(606,'S054','Pleszew',NULL),(607,'S056','Gostyń',NULL),(608,'S057','Szamotuły',NULL),(609,'S060','Racibórz',NULL),(610,'S061','Przasnysz',NULL),(611,'S064','Wrocław Futura',NULL),(612,'S065','Polkowice',NULL),(613,'S066','Gniezno',NULL),(614,'S067','Sieradz',NULL),(615,'S069','Legnica',NULL),(616,'S070','Świebodzin',NULL),(617,'S071','Starogard Gd. 3',NULL),(618,'S072','Wrocław Helical',NULL),(619,'S073','Lubin',NULL),(620,'S078','Lubań',NULL),(621,'S079','Ostrołęka',NULL),(622,'S081','Gubin',NULL),(623,'S082','Dzierżoniów',NULL),(624,'S083','Inowrocław',NULL),(625,'S084','Wejherowo 2',NULL),(626,'S086','Tuchola',NULL),(627,'S087','Szprotawa',NULL),(628,'S089','Świdnica',NULL),(629,'S092','Golub-Dobrzyń 2',NULL),(630,'S093','Lipno',NULL),(631,'S095','Wrocław Sconto',NULL),(632,'S096','Stargard Szczeciński 2',NULL),(633,'S097','Ciechanów',NULL),(634,'S099','Strzelin',NULL),(635,'S101','Sulęcin',NULL),(636,'S102','Elbląg',NULL),(637,'S104','Kłodzko',NULL),(638,'S105','Bogatynia',NULL),(639,'S106','Strzelce Opolskie',NULL),(640,'S107','Lębork 2',NULL),(641,'S109','Łowicz',NULL),(642,'S110','Jelenia Góra 2',NULL),(643,'S114','Kępno',NULL),(644,'S121','Kalisz',NULL),(645,'S122','Choszczno',NULL),(646,'S123','Nysa 2',NULL),(647,'S126','Wolsztyn',NULL),(648,'S145','Witkowo',NULL),(649,'S148','Gniewkowo',NULL),(650,'S149','Radziejów',NULL),(651,'S153','Włocławek 1',NULL),(652,'S154','Opole',NULL),(653,'S155','Olkusz',NULL),(654,'S156','Miechów',NULL),(655,'S157','Kazimierza Wielka',NULL),(656,'S158','Kielce 1',NULL),(657,'S162','Elbląg 2',NULL),(658,'S163','Ostrów Wielkopolski 2',NULL),(659,'S164','Kalisz 2',NULL),(660,'S165','Ostrów Mazowiecka',NULL),(661,'S166','Włocławek 2',NULL),(662,'S167','Toruń',NULL),(663,'S169','Włoszczowa',NULL),(664,'S170','Kielce 2',NULL),(665,'S171','Opole 2',NULL),(666,'S175','Gryfino',NULL),(667,'S178','Krosno Odrzańskie',NULL),(668,'S179','Wadowice',NULL),(669,'S180','Wałbrzych',NULL),(670,'S182','Gorzów Wielkopolski',NULL),(671,'S184','Świecie 3',NULL),(672,'S186','Krapkowice',NULL),(673,'S188','Węgrów',NULL),(674,'S189','Koszalin',NULL),(675,'S190','Biskupiec',NULL),(676,'S191','Łuków',NULL),(677,'S192','Lublin',NULL),(678,'S197','Giżycko',NULL),(679,'S198','Rybnik',NULL),(680,'S199','Żuromin',NULL),(681,'S200','Włodawa',NULL),(682,'S201','Świdwin 3',NULL),(683,'S202','Mrągowo',NULL),(684,'S203','Słupsk 3',NULL),(685,'S207','Wyszków',NULL),(686,'S208','Żnin',NULL),(687,'S209','Żary 2',NULL),(688,'S210','Grajewo',NULL),(689,'S211','Kostrzyn 2',NULL),(690,'S212','Słupca 2',NULL),(691,'S213','Syców',NULL),(692,'S215','Ząbkowice Śląskie',NULL),(693,'S216','Bystrzyca Kłodzka',NULL),(694,'S218','Działdowo',NULL),(695,'S219','Olecko',NULL),(696,'S220','Więcbork',NULL),(697,'S221','Sochaczew',NULL),(698,'S223','Czarnków 2',NULL),(699,'S224','Opoczno 2',NULL),(700,'S226','Miastko',NULL),(701,'S231','Opole Lubelskie',NULL),(702,'S232','Zduńska Wola',NULL),(703,'S233','Bartoszyce',NULL),(704,'S234','Grudziądz 2',NULL),(705,'S235','Sępólno Krajeńskie 2',NULL),(706,'S236','Aleksandrów Kujawski',NULL),(707,'S237','Chojnice 4',NULL),(708,'S238','Szczecinek 4',NULL),(709,'S239','Radom 2',NULL),(710,'S240','Kętrzyn',NULL),(711,'S241','Zielona Góra',NULL),(712,'S242','Hajnówka',NULL),(713,'S243','Piła Vivo',NULL),(714,'S244','Międzyrzecz',NULL),(715,'S246','Zgorzelec 2',NULL),(716,'S247','Strzegom',NULL),(717,'S249','Katowice',NULL),(718,'S251','Augustów',NULL),(719,'S254','Brzeszcze',NULL),(720,'S256','Kęty',NULL),(721,'S258','Złocieniec 2',NULL),(722,'S260','Tomaszów Lubelski',NULL),(723,'S262','Siedlce',NULL),(724,'S263','Strzelce Krajeńskie',NULL),(725,'S264','Grójec',NULL),(726,'S265','Bytom',NULL),(727,'S266','Rabka Zdrój',NULL),(728,'S267','Brzeg 3',NULL),(729,'S268','Lublin 3',NULL),(730,'S269','Ełk 2',NULL),(731,'S270','Wrocław 4',NULL),(732,'S272','Ruda Śląska',NULL),(733,'S274','Bydgoszcz 2',NULL),(734,'S275','Ostrowiec Świętokrzyski',NULL),(735,'S277','Dębno',NULL),(736,'S280','Kutno 2',NULL),(737,'S281','Oleśnica',NULL),(738,'S284','Częstochowa',NULL),(739,'S285','Poznań 3',NULL),(740,'S287','Tomaszów Mazowiecki 2',NULL),(741,'S288','Warka',NULL),(742,'S289','Rypin 2',NULL),(743,'S290','Białystok',NULL),(744,'S291','Białystok 2',NULL),(745,'S292','Bielsk Podlaski',NULL),(746,'S293','Biłgoraj',NULL),(747,'S294','Częstochowa 2',NULL),(748,'S295','Dąbrowa Tarnowska',NULL),(749,'S296','Garwolin',NULL),(750,'S298','Hrubieszów',NULL),(751,'S299','Kielce 3',NULL),(752,'S300','Knurów',NULL),(753,'S301','Kościan 3',NULL),(754,'S302','Kozienice',NULL),(755,'S305','Lesko',NULL),(756,'S306','Lublin 4',NULL),(757,'S307','Lubliniec',NULL),(758,'S309','Łomianki',NULL),(759,'S311','Międzyrzec Podlaski',NULL),(760,'S312','Mikołów',NULL),(761,'S313','Morąg',NULL),(762,'S314','Myślibórz',NULL),(763,'S315','Nowa Sól 3',NULL),(764,'S316','Oświęcim',NULL),(765,'S317','Parczew',NULL),(766,'S318','Pisz',NULL),(767,'S319','Rzeszów',NULL),(768,'S320','Sandomierz',NULL),(769,'S321','Siemiatycze',NULL),(770,'S322','Skierniewice',NULL),(771,'S323','Sokołów Podlaski',NULL),(772,'S324','Starachowice',NULL),(773,'S326','Staszów',NULL),(774,'S327','Szczytno 2',NULL),(775,'S329','Trzebnica',NULL),(776,'S330','Turek 3',NULL),(777,'S332','Wieruszów 2',NULL),(778,'S333','Wołów',NULL),(779,'S335','Zamość',NULL),(780,'S336','Zawiercie',NULL),(781,'S338','Drawsko 2',NULL),(782,'S340','Koło 3',NULL),(783,'S341','Wieluń',NULL),(784,'S342','Dębica',NULL),(785,'S343','Mogilno',NULL),(786,'S344','Nowy Dwór Mazowiecki 2',NULL),(787,'S346','Siedlce 2',NULL),(788,'S347','Głuchołazy',NULL),(789,'S348','Bydgoszcz 3',NULL),(790,'S349','Bochnia',NULL),(791,'S350','Nowa Ruda',NULL),(792,'S351','Ostrowiec Świętokrzyski 2',NULL),(793,'S353','Jastrzębie Zdrój',NULL),(794,'S354','Łęczna',NULL),(795,'S355','Rogoźno',NULL),(796,'S356','Biała Podlaska',NULL),(797,'S357','Toruń 2',NULL),(798,'S359','Iława',NULL),(799,'S360','Piotrków Trybunalski',NULL),(800,'S361','Mińsk Mazowiecki',NULL),(801,'S362','Środa Wlkp.2',NULL),(802,'S363','Jarosław',NULL),(803,'S364','Kościerzyna 3',NULL),(804,'S365','Głubczyce',NULL),(805,'S366','Chełm',NULL),(806,'S367','Piekary Śląskie',NULL),(807,'S368','Czerwionka-Leszczyny',NULL),(808,'S369','Poznań 4',NULL),(809,'S370','Łódź',NULL),(810,'S371','Złotoryja',NULL),(811,'S372','Pruszcz Gdański',NULL),(812,'S373','Kluczbork',NULL),(813,'S374','Łęczyca',NULL),(814,'S375','Nowy Targ',NULL),(815,'S376','Suwałki',NULL),(816,'S377','Rawa Mazowiecka',NULL),(817,'S378','Puławy',NULL),(818,'S379','Chrzanów',NULL),(819,'S380','Myślenice',NULL),(820,'S381','Końskie 2',NULL),(821,'S382','Olesno',NULL),(822,'S383','Pszczyna',NULL),(823,'S384','Radomsko 2',NULL),(824,'S386','Krosno',NULL),(825,'S387','Lubartów',NULL),(826,'S389','Przemyśl',NULL),(827,'S391','Mszana Dolna',NULL),(828,'S392','Gostynin',NULL),(829,'S393','Ostróda',NULL),(830,'S394','Żywiec',NULL),(831,'S395','Cieszyn',NULL),(832,'S396','Rzeszów 2',NULL),(833,'S397','Limanowa',NULL),(834,'S398','Będzin',NULL),(835,'S399','Gorzów Wielkopolski 2',NULL),(836,'S401','Mysłowice',NULL),(837,'S402','Sanok',NULL),(838,'S403','Marki',NULL),(839,'S404','Podkowa Leśna',NULL),(840,'S407','Łódź 2',NULL),(841,'S409','Konin',NULL),(842,'S410','Bydgoszcz 4',NULL),(843,'S411','Sztum',NULL),(844,'S412','Kłobuck',NULL),(845,'S413','Płock 1',NULL),(846,'S415','Radom 3',NULL),(847,'S416','Żmigród',NULL),(848,'S419','Siemianowice Śląskie',NULL),(849,'S421','Kraków-Węgrzce',NULL),(850,'S422','Gdańsk',NULL),(851,'S423','Wołomin',NULL),(852,'S425','Puck',NULL),(853,'S426','Gołdap',NULL),(854,'S427','Toruń 3',NULL),(855,'S428','Gdańsk 2',NULL),(856,'S429','Gdynia',NULL),(857,'S431','Łódź 4',NULL),(858,'S432','Sławno',NULL),(859,'S435','Bydgoszcz 5',NULL),(860,'S437','Police',NULL),(861,'S438','Sulechów',NULL),(862,'S440','Łask 2',NULL),(863,'S441','Białystok 3',NULL),(864,'S442','Poznań 5',NULL),(865,'S443','Świdnik',NULL),(866,'S444','Płock 2',NULL),(867,'S445','Brzeg Dolny',NULL),(868,'S446','Węgorzewo',NULL),(869,'S447','Pszów',NULL),(870,'S448','Świebodzice',NULL),(871,'S449','Łobez 2',NULL),(872,'S451','Jelenia Góra 3',NULL),(873,'S452','Kamienna Góra 2',NULL),(874,'S454','Lublin 5',NULL),(875,'S455','Stalowa Wola 2',NULL),(876,'S457','Żagań 2',NULL),(877,'S458','Chełm 2',NULL),(878,'S459','Wodzisław Śląski',NULL),(879,'S460','Świętochłowice',NULL),(880,'S461','Chorzów',NULL),(881,'S462','Zawadzkie',NULL),(882,'S463','Krasnystaw 2',NULL),(883,'S464','Bolesławiec 2',NULL),(884,'S467','Pyskowice',NULL),(885,'S468','Brzeziny',NULL),(886,'S469','Olsztyn',NULL),(887,'S470','Chełmża 2',NULL),(888,'S471','Luboń',NULL),(889,'S473','Lubaczów',NULL),(890,'S474','Głogów 2',NULL),(891,'S475','Szydłowiec',NULL),(892,'S476','Zgierz 2',NULL),(893,'S477','Szczecin',NULL),(894,'S479','Szczecin 2',NULL),(895,'S480','Radlin',NULL),(896,'S481','Leszno 3',NULL),(897,'S482','Pruszków',NULL),(898,'S483','Paczków',NULL),(899,'S484','Wronki',NULL),(900,'S485','Gdańsk 3',NULL),(901,'S486','Kolno',NULL),(902,'S487','Tarnowskie Góry 2',NULL),(903,'S488','Bielsko Biała 2',NULL),(904,'S489','Błonie',NULL),(905,'S491','Grodków',NULL),(906,'S492','Grodzisk Mazowiecki',NULL),(907,'S493','Jastrowie',NULL),(908,'S494','Legionowo',NULL),(909,'S495','Nowy Tomyśl 2',NULL),(910,'S497','Piastów',NULL),(911,'S500','Radzionków',NULL),(912,'S501','Radzyń Podlaski 2',NULL),(913,'S504','Sosnowiec',NULL),(914,'S505','Śrem 2',NULL),(915,'S507','Wąbrzeźno 2',NULL),(916,'S509','Wrocław 5',NULL),(917,'S510','Twardogóra',NULL),(918,'S512','Nowe',NULL),(919,'S515','Łódź 5',NULL),(920,'S516','Wisła',NULL),(921,'S517','Połaniec',NULL),(922,'S518','Skawina',NULL),(923,'S520','Środa Śląska',NULL),(924,'S521','Dobczyce',NULL),(925,'S522','Nowe Miasto Lubawskie 2',NULL),(926,'S523','Siechnice',NULL),(927,'S530','Dynów',NULL),(928,'S531','Gorlice',NULL),(929,'S533','Jasło 2',NULL),(930,'S534','Kańczuga',NULL),(931,'S537','Kolbuszowa',NULL),(932,'S539','Kraków 3',NULL),(933,'S542','Leżajsk',NULL),(934,'S545','Krosno 4',NULL),(935,'S547','Nisko',NULL),(936,'S548','Nowy Sącz 2',NULL),(937,'S552','Rzeszów 3',NULL),(938,'S558','Strzyżów',NULL),(939,'S560','Tarnów',NULL),(940,'S561','Tarnów 2',NULL),(941,'S562','Zakopane',NULL),(942,'S564','Namysłów 2',NULL),(943,'S565','Nidzica 2',NULL),(944,'S566','Pniewy',NULL),(945,'S567','Opalenica',NULL),(946,'S569','Jaworzno',NULL),(947,'S571','Andrychów 2',NULL),(948,'S572','Witnica',NULL),(949,'S573','Warszawa',NULL),(950,'S574','Libiąż',NULL),(951,'S575','Poznań 6',NULL),(952,'S576','Orneta',NULL),(953,'S577','Jędrzejów 2',NULL),(954,'S578','Trzebinia',NULL),(955,'S580','Sosnowiec 2',NULL),(956,'S582','Praszka',NULL),(957,'S584','Żory 2',NULL),(958,'S585','Kudowa-Zdrój',NULL),(959,'S586','Kraków 4',NULL),(960,'S588','Szczecin 3',NULL),(961,'S590','Radom 4',NULL),(962,'S591','Bytów 2',NULL),(963,'S592','Warszawa 2',NULL),(964,'S593','Płońsk 2',NULL),(965,'S596','Władysławowo',NULL),(966,'S598','Sokółka',NULL),(967,'S602','Zamość 2',NULL),(968,'S605','Warszawa 4',NULL),(969,'S606','Warszawa 5',NULL),(970,'S607','Milicz',NULL),(971,'S608','Kruszwica',NULL),(972,'S610','Oława 2',NULL),(973,'S611','Rybnik 2',NULL),(974,'S612','Konstantynów Łódzki',NULL),(975,'S613','Gdańsk 4',NULL),(976,'S614','Jelcz-Laskowice 2',NULL),(977,'S615','Grodzisk Wielkopolski 2',NULL),(978,'S616','Lidzbark',NULL),(979,'S617','Skoczów',NULL),(980,'S618','Głogówek',NULL),(981,'S619','Ruda Śląska 3',NULL),(982,'S620','Warszawa 6',NULL),(983,'S621','Aleksandrów Łódzki',NULL),(984,'S622','Pajęczno',NULL),(985,'S623','Barcin',NULL),(986,'S624','Oborniki',NULL),(987,'S625','Chojna',NULL),(988,'S626','Lubsko',NULL),(989,'S627','Gorlice 3',NULL),(990,'S628','Boguszów-Gorce',NULL),(991,'S629','Pabianice 2',NULL),(992,'S631','Tychy',NULL),(993,'S632','Ciechanów 2',NULL),(994,'S633','Łomża 2',NULL),(995,'S634','Ożarów Mazowiecki',NULL),(996,'S635','Poznań 7',NULL),(997,'S636','Koronowo',NULL),(998,'S638','Przemyśl 3',NULL),(999,'S639','Żyrardów 2',NULL),(1000,'S640','Brodnica 4',NULL),(1001,'S641','Jarosław 2',NULL),(1002,'S642','Kędzierzyn Koźle 2',NULL),(1003,'S643','Chorzów 2',NULL),(1004,'S644','Swarzędz',NULL),(1005,'S646','Dąbrowa Białostocka',NULL),(1006,'S647','Warszawa 7',NULL),(1007,'S648','Braniewo 2',NULL),(1008,'S649','Myszków 2',NULL),(1009,'S650','Niepołomice',NULL),(1010,'S651','Zielona Góra 3',NULL),(1011,'S653','Pułtusk 2',NULL),(1012,'S655','Jawor 2',NULL),(1013,'S661','Wieliczka',NULL),(1014,'S662','Opatów',NULL),(1015,'S665','Wrocław 6',NULL),(1016,'S666','Wysokie Mazowieckie',NULL),(1017,'S667','Łomża 3',NULL),(1018,'S668','Otwock',NULL),(1019,'S669','Żarów',NULL),(1020,'S670','Góra 2',NULL),(1021,'S671','Wałbrzych 3',NULL),(1022,'S672','Chrzanów 2',NULL),(1023,'S674','Bytom 3',NULL),(1024,'S675','Chełmno 2',NULL),(1025,'S676','Maków Mazowiecki 2',NULL),(1026,'S677','Sejny',NULL),(1027,'S678','Szczecin 4',NULL),(1028,'S679','Skarżysko-Kamienna 2',NULL),(1029,'S681','Lubawa',NULL),(1030,'S683','Drezdenko',NULL),(1031,'S684','Ełk 3',NULL),(1032,'S687','Skarszewy',NULL),(1033,'S689','Gdańsk 5',NULL),(1034,'S690','Warszawa 8',NULL),(1035,'S691','Łosice',NULL),(1036,'S696','Rzgów',NULL),(1037,'S697','Pasłęk',NULL),(1038,'S699','Gdynia 2',NULL),(1039,'S700','Lidzbark Warmiński',NULL),(1040,'S701','Nakło 2',NULL),(1041,'S702','Płock 3',NULL),(1042,'S703','Nowa Sarzyna',NULL),(1043,'S704','Zielonka',NULL),(1044,'S706','Rydułtowy',NULL),(1045,'S707','Mława 2',NULL),(1046,'S708','Łuków 2',NULL),(1047,'S709','Kraków 5',NULL),(1048,'S710','Pelplin',NULL),(1049,'S711','Tczew 3',NULL),(1050,'S712','Szczecin 5',NULL),(1051,'S713','Olsztynek',NULL),(1052,'S714','Koszalin 2',NULL),(1053,'S715','Mielec 2',NULL),(1054,'S716','Bełchatów 2',NULL),(1055,'S717','Łaziska Górne',NULL),(1056,'S718','Barczewo',NULL),(1057,'S720','Rumia',NULL),(1058,'S721','Tarnobrzeg 3',NULL),(1059,'S722','Kraśnik 2',NULL),(1060,'S723','Łódź 6',NULL),(1061,'S724','Warszawa 9',NULL),(1062,'S725','Bielsko Biała 3',NULL),(1063,'S726','Kraków 6',NULL),(1064,'S727','Białystok 4',NULL),(1065,'S728','Katowice 5',NULL),(1066,'S729','Piaseczno',NULL),(1067,'S730','Sosnowiec 3',NULL),(1068,'S731','Warszawa 10',NULL),(1069,'S732','Wrocław 7',NULL),(1070,'S733','Suwałki 2',NULL),(1071,'S734','Puławy 2',NULL),(1072,'S735','Trzcianka 2',NULL),(1073,'S736','Janki',NULL),(1074,'S738','Nowy Sącz 3',NULL),(1075,'S739','Otwock 2',NULL),(1076,'S740','Piotrków Trybunalski 2',NULL),(1077,'S741','Warszawa 11',NULL),(1078,'S742','Ruda Śląska 4',NULL),(1079,'S743','Limanowa 3',NULL),(1080,'S746','Gliwice 3',NULL),(1081,'S752','Warszawa 12',NULL),(1082,'S753','Warszawa 13',NULL),(1083,'S756','Katowice 6',NULL),(1084,'S757','Kartuzy',NULL),(1085,'S759','Nowy Dwór Gdański',NULL),(1086,'S760','Radzymin',NULL),(1087,'S761','Sosnowiec 4',NULL),(1088,'S763','Łańcut',NULL),(1089,'S765','Sędziszów Małopolski',NULL),(1090,'S768','Łany',NULL),(1091,'S769','Kłodawa',NULL),(1092,'S770','Jarocin 3',NULL),(1093,'S771','Legnica 3',NULL),(1094,'S772','Białogard 3',NULL),(1095,'S774','Prabuty',NULL),(1096,'S775','Skarżysko-Kamienna 3',NULL),(1097,'S776','Lubin 2',NULL),(1098,'S777','Wągrowiec 2',NULL),(1099,'S779','Kraków 7',NULL),(1100,'S780','Bielawa',NULL),(1101,'S781','Kołobrzeg 2',NULL),(1102,'S783','Ustka',NULL),(1103,'S784','Koluszki',NULL),(1104,'S785','Gliwice 2',NULL),(1105,'S786','Pionki',NULL),(1106,'S787','Kraków 8',NULL),(1107,'S788','Mielec 3',NULL),(1108,'S790','Żywiec 2',NULL),(1109,'S791','Lubawa 2',NULL),(1110,'S792','Brzozów 2',NULL),(1111,'S794','Stargard 5',NULL),(1112,'S795','Zabrze',NULL),(1113,'S796','Ozorków 2',NULL),(1114,'S797','Czechowice-Dziedzice 2',NULL),(1115,'S798','Ustrzyki Dolne 2',NULL),(1116,'S799','Lwówek Śląski 2',NULL),(1117,'S821','Wschowa 2',NULL),(1118,'S822','Sucha Beskidzka 2',NULL),(1119,'S823','Przasnysz 2',NULL),(1120,'S824','Brzesko 2',NULL),(1121,'S825','Łapy 2',NULL),(1122,'S826','Elbląg 3',NULL),(1123,'S827','Suchy Las',NULL),(1124,'S828','Świebodzin 2',NULL),(1125,'S829','Ostrzeszów 2',NULL),(1126,'S831','Wąbrzeźno 3',NULL),(1127,'S832','Żnin 2',NULL),(1128,'S833','Iława 2',NULL),(1129,'S835','Prudnik 2',NULL),(1130,'S837','Libiąż 2',NULL),(1131,'S839','Zambrów 2',NULL),(1132,'S840','Jabłonna',NULL),(1133,'S841','Ustroń',NULL),(1134,'S843','Busko Zdrój 4',NULL),(1135,'S844','Pińczów 2',NULL),(1136,'S845','Jasło 4',NULL),(1137,'S846','Sędziszów Świętokrzyski',NULL),(1138,'S847','Gostynin 2',NULL),(1139,'S851','Olkusz 2',NULL),(1140,'S852','Przeworsk',NULL),(1141,'S854','Toruń 4',NULL),(1142,'S856','Biała Podlaska 2',NULL),(1143,'S857','Dawidy Bankowe',NULL),(1144,'S858','Koszalin 3',NULL),(1145,'S861','Sochaczew 3',NULL),(1146,'S863','Bełchatów 3',NULL),(1147,'S864','Krotoszyn 3',NULL),(1148,'S865','Września 4',NULL),(1149,'S866','Świnoujście 4',NULL),(1150,'S867','Goleniów 2',NULL),(1151,'S868','Kamień Pomorski 2',NULL),(1152,'S869','Nowogard 3',NULL),(1153,'S870','Gryfice 4',NULL),(1154,'S871','Międzyzdroje 2',NULL),(1155,'S872','Świnoujście 5',NULL),(1156,'S873','Ropczyce 2',NULL),(1157,'S874','Lubaczów 3',NULL),(1158,'S875','Myszków 3',NULL),(1159,'S876','Zawiercie 2',NULL),(1160,'S877','Strzyżów 2',NULL),(1161,'S878','Grodzisk Wielkopolski 3',NULL),(1162,'S879','Ciechocinek',NULL),(1163,'S881','Stalowa Wola 4',NULL),(1164,'S883','Kraków 9',NULL),(1165,'S884','Sierpc 2',NULL),(1166,'S885','Kępno 2',NULL),(1167,'S886','Wojkowice',NULL),(1168,'S887','Krapkowice 2',NULL),(1169,'S888','Gorzów Wielkopolski 3',NULL),(1170,'S889','Opole 3',NULL),(1171,'S890','Swarzędz 2',NULL),(1172,'S891','Oleśnica 2',NULL);
/*!40000 ALTER TABLE `lokalizacja` ENABLE KEYS */;
UNLOCK TABLES;

--
-- Temporary table structure for view `lokalizacje`
--

DROP TABLE IF EXISTS `lokalizacje`;
/*!50001 DROP VIEW IF EXISTS `lokalizacje`*/;
SET @saved_cs_client     = @@character_set_client;
SET character_set_client = utf8;
/*!50001 CREATE TABLE `lokalizacje` (
  `IDdrukarki` tinyint NOT NULL,
  `Kod` tinyint NOT NULL,
  `Nazwa_Lokalizacji` tinyint NOT NULL
) ENGINE=MyISAM */;
SET character_set_client = @saved_cs_client;

--
-- Table structure for table `naprawy`
--

DROP TABLE IF EXISTS `naprawy`;
/*!40101 SET @saved_cs_client     = @@character_set_client */;
/*!40101 SET character_set_client = utf8 */;
CREATE TABLE `naprawy` (
  `IDNaprawy` int(11) NOT NULL AUTO_INCREMENT,
  `IDDostawcy` int(11) DEFAULT NULL,
  `IDLokalizacji` int(11) DEFAULT NULL,
  `IDFaktury` int(11) DEFAULT NULL,
  `Kwota` decimal(10,2) DEFAULT NULL,
  `DataNaprawy` date DEFAULT NULL,
  PRIMARY KEY (`IDNaprawy`),
  KEY `IDDostawcy` (`IDDostawcy`),
  KEY `Naprawy_ibfk_3` (`IDLokalizacji`),
  KEY `Naprawy_ibfk_4` (`IDFaktury`),
  CONSTRAINT `Naprawy_ibfk_1` FOREIGN KEY (`IDDostawcy`) REFERENCES `dostawca` (`IDDostawcy`),
  CONSTRAINT `Naprawy_ibfk_3` FOREIGN KEY (`IDLokalizacji`) REFERENCES `lokalizacja` (`IDLokalizacji`),
  CONSTRAINT `Naprawy_ibfk_4` FOREIGN KEY (`IDFaktury`) REFERENCES `faktura` (`id`)
) ENGINE=InnoDB AUTO_INCREMENT=37 DEFAULT CHARSET=utf8mb4;
/*!40101 SET character_set_client = @saved_cs_client */;

--
-- Dumping data for table `naprawy`
--

LOCK TABLES `naprawy` WRITE;
/*!40000 ALTER TABLE `naprawy` DISABLE KEYS */;
INSERT INTO `naprawy` VALUES (6,1,588,1,565.00,'2024-01-01'),(7,1,906,1,565.00,'2024-01-01'),(8,1,1056,1,140.00,'2024-01-01'),(9,1,741,1,565.00,'2024-01-01'),(10,1,933,1,565.00,'2024-01-01'),(11,1,1013,1,160.00,'2024-01-01'),(12,1,1063,1,140.00,'2024-01-01'),(13,1,902,1,160.00,'2024-01-01'),(14,1,658,1,140.00,'2024-01-01'),(15,1,1006,1,140.00,'2024-01-01'),(16,1,1104,1,280.00,'2024-01-01'),(17,1,1058,1,280.00,'2024-01-01'),(18,1,822,1,208.75,'2024-01-01'),(19,1,875,1,220.00,'2024-01-01'),(20,1,607,1,410.00,'2024-01-01'),(21,1,975,1,200.00,'2024-01-01'),(22,1,855,1,200.00,'2024-01-01'),(23,1,822,1,140.00,'2024-01-01'),(24,1,809,1,220.00,'2024-01-01'),(25,1,700,1,140.00,'2024-01-01');
/*!40000 ALTER TABLE `naprawy` ENABLE KEYS */;
UNLOCK TABLES;
